Workbook

Sheet ALEJANDRO TORRES LUNA
B2: SUPERVISOR
B3: ALEJANDRO TORRES LUNA
B5: PERIODO | C5: JUNIO | D5: AÑO 2026
B6: ASESORES
B7: No. EMP | C7: NOMBRE | D7: VERDE | E7: AMARILLO | F7: ROJO | G7: ROJO FUERTE | H7: FALTA | I7: VACACIONES | J7: FESTIVO | K7: INCAPACIDAD | L7: PERMISO | M7: DESCANSO | N7: DESCANSO POR DINAMICA | O7: DINAMICA
B8: {=IFERROR(INDEX(PERSONAL!$A:$A,MATCH($B$3&"|"&1,PERSONAL!$N:$N,0)),"")} | C8: {=IFERROR(INDEX(PERSONAL!$B:$B,MATCH($B$3&"|"&1,PERSONAL!$N:$N,0)),"")} | D8: =IF($B8="","",COUNTIFS(REGISTRO!$B$2:$B$1722,$B8,REGISTRO!$H$2:$H$1722,$C$5,REGISTRO!$J$2:$J$1722,"VERDE")) | E8: =IF($B8="","",COUNTIFS(REGISTRO!$B$2:$B$1722,$B8,REGISTRO!$H$2:$H$1722,$C$5,REGISTRO!$J$2:$J$1722,"AMARILLO")) | F8: =IF($B8="","",COUNTIFS(REGISTRO!$B$2:$B$1722,$B8,REGISTRO!$H$2:$H$1722,$C$5,REGISTRO!$J$2:$J$1722,"ROJO")) | G8: =IF($B8="","",COUNTIFS(REGISTRO!$B$2:$B$1722,$B8,REGISTRO!$H$2:$H$1722,$C$5,REGISTRO!$J$2:$J$1722,"ROJO FUERTE")) | H8: =IF($B8="","",COUNTIFS(REGISTRO!$B$2:$B$1722,$B8,REGISTRO!$H$2:$H$1722,$C$5,REGISTRO!$J$2:$J$1722,"FALTA")) | I8: =IF($B8="","",COUNTIFS(REGISTRO!$B$2:$B$1722,$B8,REGISTRO!$H$2:$H$1722,$C$5,REGISTRO!$J$2:$J$1722,"VACACIONES")) | J8: =IF($B8="","",COUNTIFS(REGISTRO!$B$2:$B$1722,$B8,REGISTRO!$H$2:$H$1722,$C$5,REGISTRO!$J$2:$J$1722,"FESTIVO")) | K8: =IF($B8="","",COUNTIFS(REGISTRO!$B$2:$B$1722,$B8,REGISTRO!$H$2:$H$1722,$C$5,REGISTRO!$J$2:$J$1722,"INCAPACIDAD")) | L8: =IF($B8="","",COUNTIFS(REGISTRO!$B$2:$B$1722,$B8,REGISTRO!$H$2:$H$1722,$C$5,REGISTRO!$J$2:$J$1722,"PERMISO")) | M8: =IF($B8="","",COUNTIFS(REGISTRO!$B$2:$B$1722,$B8,REGISTRO!$H$2:$H$1722,$C$5,REGISTRO!$J$2:$J$1722,"DESCANSO")) | N8: =IF($B8="","",COUNTIFS(REGISTRO!$B$2:$B$1722,$B8,REGISTRO!$H$2:$H$1722,$C$5,REGISTRO!$J$2:$J$1722,"DESCANSO POR DINAMICA")) | O8: =IF($B8="","",COUNTIFS(REGISTRO!$B$2:$B$1722,$B8,REGISTRO!$H$2:$H$1722,$C$5,REGISTRO!$J$2:$J$1722,"DINAMICA"))
B9: {=IFERROR(INDEX(PERSONAL!$A:$A,MATCH($B$3&"|"&2,PERSONAL!$N:$N,0)),"")} | C9: {=IFERROR(INDEX(PERSONAL!$B:$B,MATCH($B$3&"|"&2,PERSONAL!$N:$N,0)),"")} | D9: =IF($B9="","",COUNTIFS(REGISTRO!$B$2:$B$1722,$B9,REGISTRO!$H$2:$H$1722,$C$5,REGISTRO!$J$2:$J$1722,"VERDE")) | E9: =IF($B9="","",COUNTIFS(REGISTRO!$B$2:$B$1722,$B9,REGISTRO!$H$2:$H$1722,$C$5,REGISTRO!$J$2:$J$1722,"AMARILLO")) | F9: =IF($B9="","",COUNTIFS(REGISTRO!$B$2:$B$1722,$B9,REGISTRO!$H$2:$H$1722,$C$5,REGISTRO!$J$2:$J$1722,"ROJO")) | G9: =IF($B9="","",COUNTIFS(REGISTRO!$B$2:$B$1722,$B9,REGISTRO!$H$2:$H$1722,$C$5,REGISTRO!$J$2:$J$1722,"ROJO FUERTE")) | H9: =IF($B9="","",COUNTIFS(REGISTRO!$B$2:$B$1722,$B9,REGISTRO!$H$2:$H$1722,$C$5,REGISTRO!$J$2:$J$1722,"FALTA")) | I9: =IF($B9="","",COUNTIFS(REGISTRO!$B$2:$B$1722,$B9,REGISTRO!$H$2:$H$1722,$C$5,REGISTRO!$J$2:$J$1722,"VACACIONES")) | J9: =IF($B9="","",COUNTIFS(REGISTRO!$B$2:$B$1722,$B9,REGISTRO!$H$2:$H$1722,$C$5,REGISTRO!$J$2:$J$1722,"FESTIVO")) | K9: =IF($B9="","",COUNTIFS(REGISTRO!$B$2:$B$1722,$B9,REGISTRO!$H$2:$H$1722,$C$5,REGISTRO!$J$2:$J$1722,"INCAPACIDAD")) | L9: =IF($B9="","",COUNTIFS(REGISTRO!$B$2:$B$1722,$B9,REGISTRO!$H$2:$H$1722,$C$5,REGISTRO!$J$2:$J$1722,"PERMISO")) | M9: =IF($B9="","",COUNTIFS(REGISTRO!$B$2:$B$1722,$B9,REGISTRO!$H$2:$H$1722,$C$5,REGISTRO!$J$2:$J$1722,"DESCANSO")) | N9: =IF($B9="","",COUNTIFS(REGISTRO!$B$2:$B$1722,$B9,REGISTRO!$H$2:$H$1722,$C$5,REGISTRO!$J$2:$J$1722,"DESCANSO POR DINAMICA")) | O9: =IF($B9="","",COUNTIFS(REGISTRO!$B$2:$B$1722,$B9,REGISTRO!$H$2:$H$1722,$C$5,REGISTRO!$J$2:$J$1722,"DINAMICA"))
B10: {=IFERROR(INDEX(PERSONAL!$A:$A,MATCH($B$3&"|"&3,PERSONAL!$N:$N,0)),"")} | C10: {=IFERROR(INDEX(PERSONAL!$B:$B,MATCH($B$3&"|"&3,PERSONAL!$N:$N,0)),"")} | D10: =IF($B10="","",COUNTIFS(REGISTRO!$B$2:$B$1722,$B10,REGISTRO!$H$2:$H$1722,$C$5,REGISTRO!$J$2:$J$1722,"VERDE")) | E10: =IF($B10="","",COUNTIFS(REGISTRO!$B$2:$B$1722,$B10,REGISTRO!$H$2:$H$1722,$C$5,REGISTRO!$J$2:$J$1722,"AMARILLO")) | F10: =IF($B10="","",COUNTIFS(REGISTRO!$B$2:$B$1722,$B10,REGISTRO!$H$2:$H$1722,$C$5,REGISTRO!$J$2:$J$1722,"ROJO")) | G10: =IF($B10="","",COUNTIFS(REGISTRO!$B$2:$B$1722,$B10,REGISTRO!$H$2:$H$1722,$C$5,REGISTRO!$J$2:$J$1722,"ROJO FUERTE")) | H10: =IF($B10="","",COUNTIFS(REGISTRO!$B$2:$B$1722,$B10,REGISTRO!$H$2:$H$1722,$C$5,REGISTRO!$J$2:$J$1722,"FALTA")) | I10: =IF($B10="","",COUNTIFS(REGISTRO!$B$2:$B$1722,$B10,REGISTRO!$H$2:$H$1722,$C$5,REGISTRO!$J$2:$J$1722,"VACACIONES")) | J10: =IF($B10="","",COUNTIFS(REGISTRO!$B$2:$B$1722,$B10,REGISTRO!$H$2:$H$1722,$C$5,REGISTRO!$J$2:$J$1722,"FESTIVO")) | K10: =IF($B10="","",COUNTIFS(REGISTRO!$B$2:$B$1722,$B10,REGISTRO!$H$2:$H$1722,$C$5,REGISTRO!$J$2:$J$1722,"INCAPACIDAD")) | L10: =IF($B10="","",COUNTIFS(REGISTRO!$B$2:$B$1722,$B10,REGISTRO!$H$2:$H$1722,$C$5,REGISTRO!$J$2:$J$1722,"PERMISO")) | M10: =IF($B10="","",COUNTIFS(REGISTRO!$B$2:$B$1722,$B10,REGISTRO!$H$2:$H$1722,$C$5,REGISTRO!$J$2:$J$1722,"DESCANSO")) | N10: =IF($B10="","",COUNTIFS(REGISTRO!$B$2:$B$1722,$B10,REGISTRO!$H$2:$H$1722,$C$5,REGISTRO!$J$2:$J$1722,"DESCANSO POR DINAMICA")) | O10: =IF($B10="","",COUNTIFS(REGISTRO!$B$2:$B$1722,$B10,REGISTRO!$H$2:$H$1722,$C$5,REGISTRO!$J$2:$J$1722,"DINAMICA"))
B11: {=IFERROR(INDEX(PERSONAL!$A:$A,MATCH($B$3&"|"&4,PERSONAL!$N:$N,0)),"")} | C11: {=IFERROR(INDEX(PERSONAL!$B:$B,MATCH($B$3&"|"&4,PERSONAL!$N:$N,0)),"")} | D11: =IF($B11="","",COUNTIFS(REGISTRO!$B$2:$B$1722,$B11,REGISTRO!$H$2:$H$1722,$C$5,REGISTRO!$J$2:$J$1722,"VERDE")) | E11: =IF($B11="","",COUNTIFS(REGISTRO!$B$2:$B$1722,$B11,REGISTRO!$H$2:$H$1722,$C$5,REGISTRO!$J$2:$J$1722,"AMARILLO")) | F11: =IF($B11="","",COUNTIFS(REGISTRO!$B$2:$B$1722,$B11,REGISTRO!$H$2:$H$1722,$C$5,REGISTRO!$J$2:$J$1722,"ROJO")) | G11: =IF($B11="","",COUNTIFS(REGISTRO!$B$2:$B$1722,$B11,REGISTRO!$H$2:$H$1722,$C$5,REGISTRO!$J$2:$J$1722,"ROJO FUERTE")) | H11: =IF($B11="","",COUNTIFS(REGISTRO!$B$2:$B$1722,$B11,REGISTRO!$H$2:$H$1722,$C$5,REGISTRO!$J$2:$J$1722,"FALTA")) | I11: =IF($B11="","",COUNTIFS(REGISTRO!$B$2:$B$1722,$B11,REGISTRO!$H$2:$H$1722,$C$5,REGISTRO!$J$2:$J$1722,"VACACIONES")) | J11: =IF($B11="","",COUNTIFS(REGISTRO!$B$2:$B$1722,$B11,REGISTRO!$H$2:$H$1722,$C$5,REGISTRO!$J$2:$J$1722,"FESTIVO")) | K11: =IF($B11="","",COUNTIFS(REGISTRO!$B$2:$B$1722,$B11,REGISTRO!$H$2:$H$1722,$C$5,REGISTRO!$J$2:$J$1722,"INCAPACIDAD")) | L11: =IF($B11="","",COUNTIFS(REGISTRO!$B$2:$B$1722,$B11,REGISTRO!$H$2:$H$1722,$C$5,REGISTRO!$J$2:$J$1722,"PERMISO")) | M11: =IF($B11="","",COUNTIFS(REGISTRO!$B$2:$B$1722,$B11,REGISTRO!$H$2:$H$1722,$C$5,REGISTRO!$J$2:$J$1722,"DESCANSO")) | N11: =IF($B11="","",COUNTIFS(REGISTRO!$B$2:$B$1722,$B11,REGISTRO!$H$2:$H$1722,$C$5,REGISTRO!$J$2:$J$1722,"DESCANSO POR DINAMICA")) | O11: =IF($B11="","",COUNTIFS(REGISTRO!$B$2:$B$1722,$B11,REGISTRO!$H$2:$H$1722,$C$5,REGISTRO!$J$2:$J$1722,"DINAMICA"))
B12: {=IFERROR(INDEX(PERSONAL!$A:$A,MATCH($B$3&"|"&5,PERSONAL!$N:$N,0)),"")} | C12: {=IFERROR(INDEX(PERSONAL!$B:$B,MATCH($B$3&"|"&5,PERSONAL!$N:$N,0)),"")} | D12: =IF($B12="","",COUNTIFS(REGISTRO!$B$2:$B$1722,$B12,REGISTRO!$H$2:$H$1722,$C$5,REGISTRO!$J$2:$J$1722,"VERDE")) | E12: =IF($B12="","",COUNTIFS(REGISTRO!$B$2:$B$1722,$B12,REGISTRO!$H$2:$H$1722,$C$5,REGISTRO!$J$2:$J$1722,"AMARILLO")) | F12: =IF($B12="","",COUNTIFS(REGISTRO!$B$2:$B$1722,$B12,REGISTRO!$H$2:$H$1722,$C$5,REGISTRO!$J$2:$J$1722,"ROJO")) | G12: =IF($B12="","",COUNTIFS(REGISTRO!$B$2:$B$1722,$B12,REGISTRO!$H$2:$H$1722,$C$5,REGISTRO!$J$2:$J$1722,"ROJO FUERTE")) | H12: =IF($B12="","",COUNTIFS(REGISTRO!$B$2:$B$1722,$B12,REGISTRO!$H$2:$H$1722,$C$5,REGISTRO!$J$2:$J$1722,"FALTA")) | I12: =IF($B12="","",COUNTIFS(REGISTRO!$B$2:$B$1722,$B12,REGISTRO!$H$2:$H$1722,$C$5,REGISTRO!$J$2:$J$1722,"VACACIONES")) | J12: =IF($B12="","",COUNTIFS(REGISTRO!$B$2:$B$1722,$B12,REGISTRO!$H$2:$H$1722,$C$5,REGISTRO!$J$2:$J$1722,"FESTIVO")) | K12: =IF($B12="","",COUNTIFS(REGISTRO!$B$2:$B$1722,$B12,REGISTRO!$H$2:$H$1722,$C$5,REGISTRO!$J$2:$J$1722,"INCAPACIDAD")) | L12: =IF($B12="","",COUNTIFS(REGISTRO!$B$2:$B$1722,$B12,REGISTRO!$H$2:$H$1722,$C$5,REGISTRO!$J$2:$J$1722,"PERMISO")) | M12: =IF($B12="","",COUNTIFS(REGISTRO!$B$2:$B$1722,$B12,REGISTRO!$H$2:$H$1722,$C$5,REGISTRO!$J$2:$J$1722,"DESCANSO")) | N12: =IF($B12="","",COUNTIFS(REGISTRO!$B$2:$B$1722,$B12,REGISTRO!$H$2:$H$1722,$C$5,REGISTRO!$J$2:$J$1722,"DESCANSO POR DINAMICA")) | O12: =IF($B12="","",COUNTIFS(REGISTRO!$B$2:$B$1722,$B12,REGISTRO!$H$2:$H$1722,$C$5,REGISTRO!$J$2:$J$1722,"DINAMICA"))
B13: {=IFERROR(INDEX(PERSONAL!$A:$A,MATCH($B$3&"|"&6,PERSONAL!$N:$N,0)),"")} | C13: {=IFERROR(INDEX(PERSONAL!$B:$B,MATCH($B$3&"|"&6,PERSONAL!$N:$N,0)),"")} | D13: =IF($B13="","",COUNTIFS(REGISTRO!$B$2:$B$1722,$B13,REGISTRO!$H$2:$H$1722,$C$5,REGISTRO!$J$2:$J$1722,"VERDE")) | E13: =IF($B13="","",COUNTIFS(REGISTRO!$B$2:$B$1722,$B13,REGISTRO!$H$2:$H$1722,$C$5,REGISTRO!$J$2:$J$1722,"AMARILLO")) | F13: =IF($B13="","",COUNTIFS(REGISTRO!$B$2:$B$1722,$B13,REGISTRO!$H$2:$H$1722,$C$5,REGISTRO!$J$2:$J$1722,"ROJO")) | G13: =IF($B13="","",COUNTIFS(REGISTRO!$B$2:$B$1722,$B13,REGISTRO!$H$2:$H$1722,$C$5,REGISTRO!$J$2:$J$1722,"ROJO FUERTE")) | H13: =IF($B13="","",COUNTIFS(REGISTRO!$B$2:$B$1722,$B13,REGISTRO!$H$2:$H$1722,$C$5,REGISTRO!$J$2:$J$1722,"FALTA")) | I13: =IF($B13="","",COUNTIFS(REGISTRO!$B$2:$B$1722,$B13,REGISTRO!$H$2:$H$1722,$C$5,REGISTRO!$J$2:$J$1722,"VACACIONES")) | J13: =IF($B13="","",COUNTIFS(REGISTRO!$B$2:$B$1722,$B13,REGISTRO!$H$2:$H$1722,$C$5,REGISTRO!$J$2:$J$1722,"FESTIVO")) | K13: =IF($B13="","",COUNTIFS(REGISTRO!$B$2:$B$1722,$B13,REGISTRO!$H$2:$H$1722,$C$5,REGISTRO!$J$2:$J$1722,"INCAPACIDAD")) | L13: =IF($B13="","",COUNTIFS(REGISTRO!$B$2:$B$1722,$B13,REGISTRO!$H$2:$H$1722,$C$5,REGISTRO!$J$2:$J$1722,"PERMISO")) | M13: =IF($B13="","",COUNTIFS(REGISTRO!$B$2:$B$1722,$B13,REGISTRO!$H$2:$H$1722,$C$5,REGISTRO!$J$2:$J$1722,"DESCANSO")) | N13: =IF($B13="","",COUNTIFS(REGISTRO!$B$2:$B$1722,$B13,REGISTRO!$H$2:$H$1722,$C$5,REGISTRO!$J$2:$J$1722,"DESCANSO POR DINAMICA")) | O13: =IF($B13="","",COUNTIFS(REGISTRO!$B$2:$B$1722,$B13,REGISTRO!$H$2:$H$1722,$C$5,REGISTRO!$J$2:$J$1722,"DINAMICA"))
B14: {=IFERROR(INDEX(PERSONAL!$A:$A,MATCH($B$3&"|"&7,PERSONAL!$N:$N,0)),"")} | C14: {=IFERROR(INDEX(PERSONAL!$B:$B,MATCH($B$3&"|"&7,PERSONAL!$N:$N,0)),"")} | D14: =IF($B14="","",COUNTIFS(REGISTRO!$B$2:$B$1722,$B14,REGISTRO!$H$2:$H$1722,$C$5,REGISTRO!$J$2:$J$1722,"VERDE")) | E14: =IF($B14="","",COUNTIFS(REGISTRO!$B$2:$B$1722,$B14,REGISTRO!$H$2:$H$1722,$C$5,REGISTRO!$J$2:$J$1722,"AMARILLO")) | F14: =IF($B14="","",COUNTIFS(REGISTRO!$B$2:$B$1722,$B14,REGISTRO!$H$2:$H$1722,$C$5,REGISTRO!$J$2:$J$1722,"ROJO")) | G14: =IF($B14="","",COUNTIFS(REGISTRO!$B$2:$B$1722,$B14,REGISTRO!$H$2:$H$1722,$C$5,REGISTRO!$J$2:$J$1722,"ROJO FUERTE")) | H14: =IF($B14="","",COUNTIFS(REGISTRO!$B$2:$B$1722,$B14,REGISTRO!$H$2:$H$1722,$C$5,REGISTRO!$J$2:$J$1722,"FALTA")) | I14: =IF($B14="","",COUNTIFS(REGISTRO!$B$2:$B$1722,$B14,REGISTRO!$H$2:$H$1722,$C$5,REGISTRO!$J$2:$J$1722,"VACACIONES")) | J14: =IF($B14="","",COUNTIFS(REGISTRO!$B$2:$B$1722,$B14,REGISTRO!$H$2:$H$1722,$C$5,REGISTRO!$J$2:$J$1722,"FESTIVO")) | K14: =IF($B14="","",COUNTIFS(REGISTRO!$B$2:$B$1722,$B14,REGISTRO!$H$2:$H$1722,$C$5,REGISTRO!$J$2:$J$1722,"INCAPACIDAD")) | L14: =IF($B14="","",COUNTIFS(REGISTRO!$B$2:$B$1722,$B14,REGISTRO!$H$2:$H$1722,$C$5,REGISTRO!$J$2:$J$1722,"PERMISO")) | M14: =IF($B14="","",COUNTIFS(REGISTRO!$B$2:$B$1722,$B14,REGISTRO!$H$2:$H$1722,$C$5,REGISTRO!$J$2:$J$1722,"DESCANSO")) | N14: =IF($B14="","",COUNTIFS(REGISTRO!$B$2:$B$1722,$B14,REGISTRO!$H$2:$H$1722,$C$5,REGISTRO!$J$2:$J$1722,"DESCANSO POR DINAMICA")) | O14: =IF($B14="","",COUNTIFS(REGISTRO!$B$2:$B$1722,$B14,REGISTRO!$H$2:$H$1722,$C$5,REGISTRO!$J$2:$J$1722,"DINAMICA"))
B15: {=IFERROR(INDEX(PERSONAL!$A:$A,MATCH($B$3&"|"&8,PERSONAL!$N:$N,0)),"")} | C15: {=IFERROR(INDEX(PERSONAL!$B:$B,MATCH($B$3&"|"&8,PERSONAL!$N:$N,0)),"")} | D15: =IF($B15="","",COUNTIFS(REGISTRO!$B$2:$B$1722,$B15,REGISTRO!$H$2:$H$1722,$C$5,REGISTRO!$J$2:$J$1722,"VERDE")) | E15: =IF($B15="","",COUNTIFS(REGISTRO!$B$2:$B$1722,$B15,REGISTRO!$H$2:$H$1722,$C$5,REGISTRO!$J$2:$J$1722,"AMARILLO")) | F15: =IF($B15="","",COUNTIFS(REGISTRO!$B$2:$B$1722,$B15,REGISTRO!$H$2:$H$1722,$C$5,REGISTRO!$J$2:$J$1722,"ROJO")) | G15: =IF($B15="","",COUNTIFS(REGISTRO!$B$2:$B$1722,$B15,REGISTRO!$H$2:$H$1722,$C$5,REGISTRO!$J$2:$J$1722,"ROJO FUERTE")) | H15: =IF($B15="","",COUNTIFS(REGISTRO!$B$2:$B$1722,$B15,REGISTRO!$H$2:$H$1722,$C$5,REGISTRO!$J$2:$J$1722,"FALTA")) | I15: =IF($B15="","",COUNTIFS(REGISTRO!$B$2:$B$1722,$B15,REGISTRO!$H$2:$H$1722,$C$5,REGISTRO!$J$2:$J$1722,"VACACIONES")) | J15: =IF($B15="","",COUNTIFS(REGISTRO!$B$2:$B$1722,$B15,REGISTRO!$H$2:$H$1722,$C$5,REGISTRO!$J$2:$J$1722,"FESTIVO")) | K15: =IF($B15="","",COUNTIFS(REGISTRO!$B$2:$B$1722,$B15,REGISTRO!$H$2:$H$1722,$C$5,REGISTRO!$J$2:$J$1722,"INCAPACIDAD")) | L15: =IF($B15="","",COUNTIFS(REGISTRO!$B$2:$B$1722,$B15,REGISTRO!$H$2:$H$1722,$C$5,REGISTRO!$J$2:$J$1722,"PERMISO")) | M15: =IF($B15="","",COUNTIFS(REGISTRO!$B$2:$B$1722,$B15,REGISTRO!$H$2:$H$1722,$C$5,REGISTRO!$J$2:$J$1722,"DESCANSO")) | N15: =IF($B15="","",COUNTIFS(REGISTRO!$B$2:$B$1722,$B15,REGISTRO!$H$2:$H$1722,$C$5,REGISTRO!$J$2:$J$1722,"DESCANSO POR DINAMICA")) | O15: =IF($B15="","",COUNTIFS(REGISTRO!$B$2:$B$1722,$B15,REGISTRO!$H$2:$H$1722,$C$5,REGISTRO!$J$2:$J$1722,"DINAMICA"))
B16: {=IFERROR(INDEX(PERSONAL!$A:$A,MATCH($B$3&"|"&9,PERSONAL!$N:$N,0)),"")} | C16: {=IFERROR(INDEX(PERSONAL!$B:$B,MATCH($B$3&"|"&9,PERSONAL!$N:$N,0)),"")} | D16: =IF($B16="","",COUNTIFS(REGISTRO!$B$2:$B$1722,$B16,REGISTRO!$H$2:$H$1722,$C$5,REGISTRO!$J$2:$J$1722,"VERDE")) | E16: =IF($B16="","",COUNTIFS(REGISTRO!$B$2:$B$1722,$B16,REGISTRO!$H$2:$H$1722,$C$5,REGISTRO!$J$2:$J$1722,"AMARILLO")) | F16: =IF($B16="","",COUNTIFS(REGISTRO!$B$2:$B$1722,$B16,REGISTRO!$H$2:$H$1722,$C$5,REGISTRO!$J$2:$J$1722,"ROJO")) | G16: =IF($B16="","",COUNTIFS(REGISTRO!$B$2:$B$1722,$B16,REGISTRO!$H$2:$H$1722,$C$5,REGISTRO!$J$2:$J$1722,"ROJO FUERTE")) | H16: =IF($B16="","",COUNTIFS(REGISTRO!$B$2:$B$1722,$B16,REGISTRO!$H$2:$H$1722,$C$5,REGISTRO!$J$2:$J$1722,"FALTA")) | I16: =IF($B16="","",COUNTIFS(REGISTRO!$B$2:$B$1722,$B16,REGISTRO!$H$2:$H$1722,$C$5,REGISTRO!$J$2:$J$1722,"VACACIONES")) | J16: =IF($B16="","",COUNTIFS(REGISTRO!$B$2:$B$1722,$B16,REGISTRO!$H$2:$H$1722,$C$5,REGISTRO!$J$2:$J$1722,"FESTIVO")) | K16: =IF($B16="","",COUNTIFS(REGISTRO!$B$2:$B$1722,$B16,REGISTRO!$H$2:$H$1722,$C$5,REGISTRO!$J$2:$J$1722,"INCAPACIDAD")) | L16: =IF($B16="","",COUNTIFS(REGISTRO!$B$2:$B$1722,$B16,REGISTRO!$H$2:$H$1722,$C$5,REGISTRO!$J$2:$J$1722,"PERMISO")) | M16: =IF($B16="","",COUNTIFS(REGISTRO!$B$2:$B$1722,$B16,REGISTRO!$H$2:$H$1722,$C$5,REGISTRO!$J$2:$J$1722,"DESCANSO")) | N16: =IF($B16="","",COUNTIFS(REGISTRO!$B$2:$B$1722,$B16,REGISTRO!$H$2:$H$1722,$C$5,REGISTRO!$J$2:$J$1722,"DESCANSO POR DINAMICA")) | O16: =IF($B16="","",COUNTIFS(REGISTRO!$B$2:$B$1722,$B16,REGISTRO!$H$2:$H$1722,$C$5,REGISTRO!$J$2:$J$1722,"DINAMICA"))
B17: {=IFERROR(INDEX(PERSONAL!$A:$A,MATCH($B$3&"|"&10,PERSONAL!$N:$N,0)),"")} | C17: {=IFERROR(INDEX(PERSONAL!$B:$B,MATCH($B$3&"|"&10,PERSONAL!$N:$N,0)),"")} | D17: =IF($B17="","",COUNTIFS(REGISTRO!$B$2:$B$1722,$B17,REGISTRO!$H$2:$H$1722,$C$5,REGISTRO!$J$2:$J$1722,"VERDE")) | E17: =IF($B17="","",COUNTIFS(REGISTRO!$B$2:$B$1722,$B17,REGISTRO!$H$2:$H$1722,$C$5,REGISTRO!$J$2:$J$1722,"AMARILLO")) | F17: =IF($B17="","",COUNTIFS(REGISTRO!$B$2:$B$1722,$B17,REGISTRO!$H$2:$H$1722,$C$5,REGISTRO!$J$2:$J$1722,"ROJO")) | G17: =IF($B17="","",COUNTIFS(REGISTRO!$B$2:$B$1722,$B17,REGISTRO!$H$2:$H$1722,$C$5,REGISTRO!$J$2:$J$1722,"ROJO FUERTE")) | H17: =IF($B17="","",COUNTIFS(REGISTRO!$B$2:$B$1722,$B17,REGISTRO!$H$2:$H$1722,$C$5,REGISTRO!$J$2:$J$1722,"FALTA")) | I17: =IF($B17="","",COUNTIFS(REGISTRO!$B$2:$B$1722,$B17,REGISTRO!$H$2:$H$1722,$C$5,REGISTRO!$J$2:$J$1722,"VACACIONES")) | J17: =IF($B17="","",COUNTIFS(REGISTRO!$B$2:$B$1722,$B17,REGISTRO!$H$2:$H$1722,$C$5,REGISTRO!$J$2:$J$1722,"FESTIVO")) | K17: =IF($B17="","",COUNTIFS(REGISTRO!$B$2:$B$1722,$B17,REGISTRO!$H$2:$H$1722,$C$5,REGISTRO!$J$2:$J$1722,"INCAPACIDAD")) | L17: =IF($B17="","",COUNTIFS(REGISTRO!$B$2:$B$1722,$B17,REGISTRO!$H$2:$H$1722,$C$5,REGISTRO!$J$2:$J$1722,"PERMISO")) | M17: =IF($B17="","",COUNTIFS(REGISTRO!$B$2:$B$1722,$B17,REGISTRO!$H$2:$H$1722,$C$5,REGISTRO!$J$2:$J$1722,"DESCANSO")) | N17: =IF($B17="","",COUNTIFS(REGISTRO!$B$2:$B$1722,$B17,REGISTRO!$H$2:$H$1722,$C$5,REGISTRO!$J$2:$J$1722,"DESCANSO POR DINAMICA")) | O17: =IF($B17="","",COUNTIFS(REGISTRO!$B$2:$B$1722,$B17,REGISTRO!$H$2:$H$1722,$C$5,REGISTRO!$J$2:$J$1722,"DINAMICA"))
B18: {=IFERROR(INDEX(PERSONAL!$A:$A,MATCH($B$3&"|"&11,PERSONAL!$N:$N,0)),"")} | C18: {=IFERROR(INDEX(PERSONAL!$B:$B,MATCH($B$3&"|"&11,PERSONAL!$N:$N,0)),"")} | D18: =IF($B18="","",COUNTIFS(REGISTRO!$B$2:$B$1722,$B18,REGISTRO!$H$2:$H$1722,$C$5,REGISTRO!$J$2:$J$1722,"VERDE")) | E18: =IF($B18="","",COUNTIFS(REGISTRO!$B$2:$B$1722,$B18,REGISTRO!$H$2:$H$1722,$C$5,REGISTRO!$J$2:$J$1722,"AMARILLO")) | F18: =IF($B18="","",COUNTIFS(REGISTRO!$B$2:$B$1722,$B18,REGISTRO!$H$2:$H$1722,$C$5,REGISTRO!$J$2:$J$1722,"ROJO")) | G18: =IF($B18="","",COUNTIFS(REGISTRO!$B$2:$B$1722,$B18,REGISTRO!$H$2:$H$1722,$C$5,REGISTRO!$J$2:$J$1722,"ROJO FUERTE")) | H18: =IF($B18="","",COUNTIFS(REGISTRO!$B$2:$B$1722,$B18,REGISTRO!$H$2:$H$1722,$C$5,REGISTRO!$J$2:$J$1722,"FALTA")) | I18: =IF($B18="","",COUNTIFS(REGISTRO!$B$2:$B$1722,$B18,REGISTRO!$H$2:$H$1722,$C$5,REGISTRO!$J$2:$J$1722,"VACACIONES")) | J18: =IF($B18="","",COUNTIFS(REGISTRO!$B$2:$B$1722,$B18,REGISTRO!$H$2:$H$1722,$C$5,REGISTRO!$J$2:$J$1722,"FESTIVO")) | K18: =IF($B18="","",COUNTIFS(REGISTRO!$B$2:$B$1722,$B18,REGISTRO!$H$2:$H$1722,$C$5,REGISTRO!$J$2:$J$1722,"INCAPACIDAD")) | L18: =IF($B18="","",COUNTIFS(REGISTRO!$B$2:$B$1722,$B18,REGISTRO!$H$2:$H$1722,$C$5,REGISTRO!$J$2:$J$1722,"PERMISO")) | M18: =IF($B18="","",COUNTIFS(REGISTRO!$B$2:$B$1722,$B18,REGISTRO!$H$2:$H$1722,$C$5,REGISTRO!$J$2:$J$1722,"DESCANSO")) | N18: =IF($B18="","",COUNTIFS(REGISTRO!$B$2:$B$1722,$B18,REGISTRO!$H$2:$H$1722,$C$5,REGISTRO!$J$2:$J$1722,"DESCANSO POR DINAMICA")) | O18: =IF($B18="","",COUNTIFS(REGISTRO!$B$2:$B$1722,$B18,REGISTRO!$H$2:$H$1722,$C$5,REGISTRO!$J$2:$J$1722,"DINAMICA"))
B19: {=IFERROR(INDEX(PERSONAL!$A:$A,MATCH($B$3&"|"&12,PERSONAL!$N:$N,0)),"")} | C19: {=IFERROR(INDEX(PERSONAL!$B:$B,MATCH($B$3&"|"&12,PERSONAL!$N:$N,0)),"")} | D19: =IF($B19="","",COUNTIFS(REGISTRO!$B$2:$B$1722,$B19,REGISTRO!$H$2:$H$1722,$C$5,REGISTRO!$J$2:$J$1722,"VERDE")) | E19: =IF($B19="","",COUNTIFS(REGISTRO!$B$2:$B$1722,$B19,REGISTRO!$H$2:$H$1722,$C$5,REGISTRO!$J$2:$J$1722,"AMARILLO")) | F19: =IF($B19="","",COUNTIFS(REGISTRO!$B$2:$B$1722,$B19,REGISTRO!$H$2:$H$1722,$C$5,REGISTRO!$J$2:$J$1722,"ROJO")) | G19: =IF($B19="","",COUNTIFS(REGISTRO!$B$2:$B$1722,$B19,REGISTRO!$H$2:$H$1722,$C$5,REGISTRO!$J$2:$J$1722,"ROJO FUERTE")) | H19: =IF($B19="","",COUNTIFS(REGISTRO!$B$2:$B$1722,$B19,REGISTRO!$H$2:$H$1722,$C$5,REGISTRO!$J$2:$J$1722,"FALTA")) | I19: =IF($B19="","",COUNTIFS(REGISTRO!$B$2:$B$1722,$B19,REGISTRO!$H$2:$H$1722,$C$5,REGISTRO!$J$2:$J$1722,"VACACIONES")) | J19: =IF($B19="","",COUNTIFS(REGISTRO!$B$2:$B$1722,$B19,REGISTRO!$H$2:$H$1722,$C$5,REGISTRO!$J$2:$J$1722,"FESTIVO")) | K19: =IF($B19="","",COUNTIFS(REGISTRO!$B$2:$B$1722,$B19,REGISTRO!$H$2:$H$1722,$C$5,REGISTRO!$J$2:$J$1722,"INCAPACIDAD")) | L19: =IF($B19="","",COUNTIFS(REGISTRO!$B$2:$B$1722,$B19,REGISTRO!$H$2:$H$1722,$C$5,REGISTRO!$J$2:$J$1722,"PERMISO")) | M19: =IF($B19="","",COUNTIFS(REGISTRO!$B$2:$B$1722,$B19,REGISTRO!$H$2:$H$1722,$C$5,REGISTRO!$J$2:$J$1722,"DESCANSO")) | N19: =IF($B19="","",COUNTIFS(REGISTRO!$B$2:$B$1722,$B19,REGISTRO!$H$2:$H$1722,$C$5,REGISTRO!$J$2:$J$1722,"DESCANSO POR DINAMICA")) | O19: =IF($B19="","",COUNTIFS(REGISTRO!$B$2:$B$1722,$B19,REGISTRO!$H$2:$H$1722,$C$5,REGISTRO!$J$2:$J$1722,"DINAMICA"))
B20: TOTAL | D20: =SUM(D8:D19) | E20: =SUM(E8:E19) | F20: =SUM(F8:F19) | G20: =SUM(G8:G19) | H20: =SUM(H8:H19) | I20: =SUM(I8:I19) | J20: =SUM(J8:J19) | K20: =SUM(K8:K19) | ... O20: =SUM(O8:O19)
B21: % VERDE | D21: =IF(SUM(D20:H20)=0,0,D20/SUM(D20:H20))
B22: REGISTROS / PROM. HORAS | D22: =COUNTIFS(REGISTRO!$F$2:$F$1722,$B$3,REGISTRO!$H$2:$H$1722,$C$5) | E22: =IFERROR(AVERAGEIFS(REGISTRO!$K$2:$K$1722,REGISTRO!$F$2:$F$1722,$B$3,REGISTRO!$H$2:$H$1722,$C$5),0)
A1000: Demo publico: datos ficticios anonimizados para portafolio.

Sheet CAMILA RIVERA NAVA
B2: SUPERVISOR
B3: CAMILA RIVERA NAVA
B5: PERIODO | C5: JUNIO | D5: AÑO 2026
B6: ASESORES
B7: No. EMP | C7: NOMBRE | D7: VERDE | E7: AMARILLO | F7: ROJO | G7: ROJO FUERTE | H7: FALTA | I7: VACACIONES | J7: FESTIVO | K7: INCAPACIDAD | L7: PERMISO | M7: DESCANSO | N7: DESCANSO POR DINAMICA | O7: DINAMICA
B8: {=IFERROR(INDEX(PERSONAL!$A:$A,MATCH($B$3&"|"&1,PERSONAL!$N:$N,0)),"")} | C8: {=IFERROR(INDEX(PERSONAL!$B:$B,MATCH($B$3&"|"&1,PERSONAL!$N:$N,0)),"")} | D8: =IF($B8="","",COUNTIFS(REGISTRO!$B$2:$B$1722,$B8,REGISTRO!$H$2:$H$1722,$C$5,REGISTRO!$J$2:$J$1722,"VERDE")) | E8: =IF($B8="","",COUNTIFS(REGISTRO!$B$2:$B$1722,$B8,REGISTRO!$H$2:$H$1722,$C$5,REGISTRO!$J$2:$J$1722,"AMARILLO")) | F8: =IF($B8="","",COUNTIFS(REGISTRO!$B$2:$B$1722,$B8,REGISTRO!$H$2:$H$1722,$C$5,REGISTRO!$J$2:$J$1722,"ROJO")) | G8: =IF($B8="","",COUNTIFS(REGISTRO!$B$2:$B$1722,$B8,REGISTRO!$H$2:$H$1722,$C$5,REGISTRO!$J$2:$J$1722,"ROJO FUERTE")) | H8: =IF($B8="","",COUNTIFS(REGISTRO!$B$2:$B$1722,$B8,REGISTRO!$H$2:$H$1722,$C$5,REGISTRO!$J$2:$J$1722,"FALTA")) | I8: =IF($B8="","",COUNTIFS(REGISTRO!$B$2:$B$1722,$B8,REGISTRO!$H$2:$H$1722,$C$5,REGISTRO!$J$2:$J$1722,"VACACIONES")) | J8: =IF($B8="","",COUNTIFS(REGISTRO!$B$2:$B$1722,$B8,REGISTRO!$H$2:$H$1722,$C$5,REGISTRO!$J$2:$J$1722,"FESTIVO")) | K8: =IF($B8="","",COUNTIFS(REGISTRO!$B$2:$B$1722,$B8,REGISTRO!$H$2:$H$1722,$C$5,REGISTRO!$J$2:$J$1722,"INCAPACIDAD")) | L8: =IF($B8="","",COUNTIFS(REGISTRO!$B$2:$B$1722,$B8,REGISTRO!$H$2:$H$1722,$C$5,REGISTRO!$J$2:$J$1722,"PERMISO")) | M8: =IF($B8="","",COUNTIFS(REGISTRO!$B$2:$B$1722,$B8,REGISTRO!$H$2:$H$1722,$C$5,REGISTRO!$J$2:$J$1722,"DESCANSO")) | N8: =IF($B8="","",COUNTIFS(REGISTRO!$B$2:$B$1722,$B8,REGISTRO!$H$2:$H$1722,$C$5,REGISTRO!$J$2:$J$1722,"DESCANSO POR DINAMICA")) | O8: =IF($B8="","",COUNTIFS(REGISTRO!$B$2:$B$1722,$B8,REGISTRO!$H$2:$H$1722,$C$5,REGISTRO!$J$2:$J$1722,"DINAMICA"))
B9: {=IFERROR(INDEX(PERSONAL!$A:$A,MATCH($B$3&"|"&2,PERSONAL!$N:$N,0)),"")} | C9: {=IFERROR(INDEX(PERSONAL!$B:$B,MATCH($B$3&"|"&2,PERSONAL!$N:$N,0)),"")} | D9: =IF($B9="","",COUNTIFS(REGISTRO!$B$2:$B$1722,$B9,REGISTRO!$H$2:$H$1722,$C$5,REGISTRO!$J$2:$J$1722,"VERDE")) | E9: =IF($B9="","",COUNTIFS(REGISTRO!$B$2:$B$1722,$B9,REGISTRO!$H$2:$H$1722,$C$5,REGISTRO!$J$2:$J$1722,"AMARILLO")) | F9: =IF($B9="","",COUNTIFS(REGISTRO!$B$2:$B$1722,$B9,REGISTRO!$H$2:$H$1722,$C$5,REGISTRO!$J$2:$J$1722,"ROJO")) | G9: =IF($B9="","",COUNTIFS(REGISTRO!$B$2:$B$1722,$B9,REGISTRO!$H$2:$H$1722,$C$5,REGISTRO!$J$2:$J$1722,"ROJO FUERTE")) | H9: =IF($B9="","",COUNTIFS(REGISTRO!$B$2:$B$1722,$B9,REGISTRO!$H$2:$H$1722,$C$5,REGISTRO!$J$2:$J$1722,"FALTA")) | I9: =IF($B9="","",COUNTIFS(REGISTRO!$B$2:$B$1722,$B9,REGISTRO!$H$2:$H$1722,$C$5,REGISTRO!$J$2:$J$1722,"VACACIONES")) | J9: =IF($B9="","",COUNTIFS(REGISTRO!$B$2:$B$1722,$B9,REGISTRO!$H$2:$H$1722,$C$5,REGISTRO!$J$2:$J$1722,"FESTIVO")) | K9: =IF($B9="","",COUNTIFS(REGISTRO!$B$2:$B$1722,$B9,REGISTRO!$H$2:$H$1722,$C$5,REGISTRO!$J$2:$J$1722,"INCAPACIDAD")) | L9: =IF($B9="","",COUNTIFS(REGISTRO!$B$2:$B$1722,$B9,REGISTRO!$H$2:$H$1722,$C$5,REGISTRO!$J$2:$J$1722,"PERMISO")) | M9: =IF($B9="","",COUNTIFS(REGISTRO!$B$2:$B$1722,$B9,REGISTRO!$H$2:$H$1722,$C$5,REGISTRO!$J$2:$J$1722,"DESCANSO")) | N9: =IF($B9="","",COUNTIFS(REGISTRO!$B$2:$B$1722,$B9,REGISTRO!$H$2:$H$1722,$C$5,REGISTRO!$J$2:$J$1722,"DESCANSO POR DINAMICA")) | O9: =IF($B9="","",COUNTIFS(REGISTRO!$B$2:$B$1722,$B9,REGISTRO!$H$2:$H$1722,$C$5,REGISTRO!$J$2:$J$1722,"DINAMICA"))
B10: {=IFERROR(INDEX(PERSONAL!$A:$A,MATCH($B$3&"|"&3,PERSONAL!$N:$N,0)),"")} | C10: {=IFERROR(INDEX(PERSONAL!$B:$B,MATCH($B$3&"|"&3,PERSONAL!$N:$N,0)),"")} | D10: =IF($B10="","",COUNTIFS(REGISTRO!$B$2:$B$1722,$B10,REGISTRO!$H$2:$H$1722,$C$5,REGISTRO!$J$2:$J$1722,"VERDE")) | E10: =IF($B10="","",COUNTIFS(REGISTRO!$B$2:$B$1722,$B10,REGISTRO!$H$2:$H$1722,$C$5,REGISTRO!$J$2:$J$1722,"AMARILLO")) | F10: =IF($B10="","",COUNTIFS(REGISTRO!$B$2:$B$1722,$B10,REGISTRO!$H$2:$H$1722,$C$5,REGISTRO!$J$2:$J$1722,"ROJO")) | G10: =IF($B10="","",COUNTIFS(REGISTRO!$B$2:$B$1722,$B10,REGISTRO!$H$2:$H$1722,$C$5,REGISTRO!$J$2:$J$1722,"ROJO FUERTE")) | H10: =IF($B10="","",COUNTIFS(REGISTRO!$B$2:$B$1722,$B10,REGISTRO!$H$2:$H$1722,$C$5,REGISTRO!$J$2:$J$1722,"FALTA")) | I10: =IF($B10="","",COUNTIFS(REGISTRO!$B$2:$B$1722,$B10,REGISTRO!$H$2:$H$1722,$C$5,REGISTRO!$J$2:$J$1722,"VACACIONES")) | J10: =IF($B10="","",COUNTIFS(REGISTRO!$B$2:$B$1722,$B10,REGISTRO!$H$2:$H$1722,$C$5,REGISTRO!$J$2:$J$1722,"FESTIVO")) | K10: =IF($B10="","",COUNTIFS(REGISTRO!$B$2:$B$1722,$B10,REGISTRO!$H$2:$H$1722,$C$5,REGISTRO!$J$2:$J$1722,"INCAPACIDAD")) | L10: =IF($B10="","",COUNTIFS(REGISTRO!$B$2:$B$1722,$B10,REGISTRO!$H$2:$H$1722,$C$5,REGISTRO!$J$2:$J$1722,"PERMISO")) | M10: =IF($B10="","",COUNTIFS(REGISTRO!$B$2:$B$1722,$B10,REGISTRO!$H$2:$H$1722,$C$5,REGISTRO!$J$2:$J$1722,"DESCANSO")) | N10: =IF($B10="","",COUNTIFS(REGISTRO!$B$2:$B$1722,$B10,REGISTRO!$H$2:$H$1722,$C$5,REGISTRO!$J$2:$J$1722,"DESCANSO POR DINAMICA")) | O10: =IF($B10="","",COUNTIFS(REGISTRO!$B$2:$B$1722,$B10,REGISTRO!$H$2:$H$1722,$C$5,REGISTRO!$J$2:$J$1722,"DINAMICA"))
B11: {=IFERROR(INDEX(PERSONAL!$A:$A,MATCH($B$3&"|"&4,PERSONAL!$N:$N,0)),"")} | C11: {=IFERROR(INDEX(PERSONAL!$B:$B,MATCH($B$3&"|"&4,PERSONAL!$N:$N,0)),"")} | D11: =IF($B11="","",COUNTIFS(REGISTRO!$B$2:$B$1722,$B11,REGISTRO!$H$2:$H$1722,$C$5,REGISTRO!$J$2:$J$1722,"VERDE")) | E11: =IF($B11="","",COUNTIFS(REGISTRO!$B$2:$B$1722,$B11,REGISTRO!$H$2:$H$1722,$C$5,REGISTRO!$J$2:$J$1722,"AMARILLO")) | F11: =IF($B11="","",COUNTIFS(REGISTRO!$B$2:$B$1722,$B11,REGISTRO!$H$2:$H$1722,$C$5,REGISTRO!$J$2:$J$1722,"ROJO")) | G11: =IF($B11="","",COUNTIFS(REGISTRO!$B$2:$B$1722,$B11,REGISTRO!$H$2:$H$1722,$C$5,REGISTRO!$J$2:$J$1722,"ROJO FUERTE")) | H11: =IF($B11="","",COUNTIFS(REGISTRO!$B$2:$B$1722,$B11,REGISTRO!$H$2:$H$1722,$C$5,REGISTRO!$J$2:$J$1722,"FALTA")) | I11: =IF($B11="","",COUNTIFS(REGISTRO!$B$2:$B$1722,$B11,REGISTRO!$H$2:$H$1722,$C$5,REGISTRO!$J$2:$J$1722,"VACACIONES")) | J11: =IF($B11="","",COUNTIFS(REGISTRO!$B$2:$B$1722,$B11,REGISTRO!$H$2:$H$1722,$C$5,REGISTRO!$J$2:$J$1722,"FESTIVO")) | K11: =IF($B11="","",COUNTIFS(REGISTRO!$B$2:$B$1722,$B11,REGISTRO!$H$2:$H$1722,$C$5,REGISTRO!$J$2:$J$1722,"INCAPACIDAD")) | L11: =IF($B11="","",COUNTIFS(REGISTRO!$B$2:$B$1722,$B11,REGISTRO!$H$2:$H$1722,$C$5,REGISTRO!$J$2:$J$1722,"PERMISO")) | M11: =IF($B11="","",COUNTIFS(REGISTRO!$B$2:$B$1722,$B11,REGISTRO!$H$2:$H$1722,$C$5,REGISTRO!$J$2:$J$1722,"DESCANSO")) | N11: =IF($B11="","",COUNTIFS(REGISTRO!$B$2:$B$1722,$B11,REGISTRO!$H$2:$H$1722,$C$5,REGISTRO!$J$2:$J$1722,"DESCANSO POR DINAMICA")) | O11: =IF($B11="","",COUNTIFS(REGISTRO!$B$2:$B$1722,$B11,REGISTRO!$H$2:$H$1722,$C$5,REGISTRO!$J$2:$J$1722,"DINAMICA"))
B12: {=IFERROR(INDEX(PERSONAL!$A:$A,MATCH($B$3&"|"&5,PERSONAL!$N:$N,0)),"")} | C12: {=IFERROR(INDEX(PERSONAL!$B:$B,MATCH($B$3&"|"&5,PERSONAL!$N:$N,0)),"")} | D12: =IF($B12="","",COUNTIFS(REGISTRO!$B$2:$B$1722,$B12,REGISTRO!$H$2:$H$1722,$C$5,REGISTRO!$J$2:$J$1722,"VERDE")) | E12: =IF($B12="","",COUNTIFS(REGISTRO!$B$2:$B$1722,$B12,REGISTRO!$H$2:$H$1722,$C$5,REGISTRO!$J$2:$J$1722,"AMARILLO")) | F12: =IF($B12="","",COUNTIFS(REGISTRO!$B$2:$B$1722,$B12,REGISTRO!$H$2:$H$1722,$C$5,REGISTRO!$J$2:$J$1722,"ROJO")) | G12: =IF($B12="","",COUNTIFS(REGISTRO!$B$2:$B$1722,$B12,REGISTRO!$H$2:$H$1722,$C$5,REGISTRO!$J$2:$J$1722,"ROJO FUERTE")) | H12: =IF($B12="","",COUNTIFS(REGISTRO!$B$2:$B$1722,$B12,REGISTRO!$H$2:$H$1722,$C$5,REGISTRO!$J$2:$J$1722,"FALTA")) | I12: =IF($B12="","",COUNTIFS(REGISTRO!$B$2:$B$1722,$B12,REGISTRO!$H$2:$H$1722,$C$5,REGISTRO!$J$2:$J$1722,"VACACIONES")) | J12: =IF($B12="","",COUNTIFS(REGISTRO!$B$2:$B$1722,$B12,REGISTRO!$H$2:$H$1722,$C$5,REGISTRO!$J$2:$J$1722,"FESTIVO")) | K12: =IF($B12="","",COUNTIFS(REGISTRO!$B$2:$B$1722,$B12,REGISTRO!$H$2:$H$1722,$C$5,REGISTRO!$J$2:$J$1722,"INCAPACIDAD")) | L12: =IF($B12="","",COUNTIFS(REGISTRO!$B$2:$B$1722,$B12,REGISTRO!$H$2:$H$1722,$C$5,REGISTRO!$J$2:$J$1722,"PERMISO")) | M12: =IF($B12="","",COUNTIFS(REGISTRO!$B$2:$B$1722,$B12,REGISTRO!$H$2:$H$1722,$C$5,REGISTRO!$J$2:$J$1722,"DESCANSO")) | N12: =IF($B12="","",COUNTIFS(REGISTRO!$B$2:$B$1722,$B12,REGISTRO!$H$2:$H$1722,$C$5,REGISTRO!$J$2:$J$1722,"DESCANSO POR DINAMICA")) | O12: =IF($B12="","",COUNTIFS(REGISTRO!$B$2:$B$1722,$B12,REGISTRO!$H$2:$H$1722,$C$5,REGISTRO!$J$2:$J$1722,"DINAMICA"))
B13: {=IFERROR(INDEX(PERSONAL!$A:$A,MATCH($B$3&"|"&6,PERSONAL!$N:$N,0)),"")} | C13: {=IFERROR(INDEX(PERSONAL!$B:$B,MATCH($B$3&"|"&6,PERSONAL!$N:$N,0)),"")} | D13: =IF($B13="","",COUNTIFS(REGISTRO!$B$2:$B$1722,$B13,REGISTRO!$H$2:$H$1722,$C$5,REGISTRO!$J$2:$J$1722,"VERDE")) | E13: =IF($B13="","",COUNTIFS(REGISTRO!$B$2:$B$1722,$B13,REGISTRO!$H$2:$H$1722,$C$5,REGISTRO!$J$2:$J$1722,"AMARILLO")) | F13: =IF($B13="","",COUNTIFS(REGISTRO!$B$2:$B$1722,$B13,REGISTRO!$H$2:$H$1722,$C$5,REGISTRO!$J$2:$J$1722,"ROJO")) | G13: =IF($B13="","",COUNTIFS(REGISTRO!$B$2:$B$1722,$B13,REGISTRO!$H$2:$H$1722,$C$5,REGISTRO!$J$2:$J$1722,"ROJO FUERTE")) | H13: =IF($B13="","",COUNTIFS(REGISTRO!$B$2:$B$1722,$B13,REGISTRO!$H$2:$H$1722,$C$5,REGISTRO!$J$2:$J$1722,"FALTA")) | I13: =IF($B13="","",COUNTIFS(REGISTRO!$B$2:$B$1722,$B13,REGISTRO!$H$2:$H$1722,$C$5,REGISTRO!$J$2:$J$1722,"VACACIONES")) | J13: =IF($B13="","",COUNTIFS(REGISTRO!$B$2:$B$1722,$B13,REGISTRO!$H$2:$H$1722,$C$5,REGISTRO!$J$2:$J$1722,"FESTIVO")) | K13: =IF($B13="","",COUNTIFS(REGISTRO!$B$2:$B$1722,$B13,REGISTRO!$H$2:$H$1722,$C$5,REGISTRO!$J$2:$J$1722,"INCAPACIDAD")) | L13: =IF($B13="","",COUNTIFS(REGISTRO!$B$2:$B$1722,$B13,REGISTRO!$H$2:$H$1722,$C$5,REGISTRO!$J$2:$J$1722,"PERMISO")) | M13: =IF($B13="","",COUNTIFS(REGISTRO!$B$2:$B$1722,$B13,REGISTRO!$H$2:$H$1722,$C$5,REGISTRO!$J$2:$J$1722,"DESCANSO")) | N13: =IF($B13="","",COUNTIFS(REGISTRO!$B$2:$B$1722,$B13,REGISTRO!$H$2:$H$1722,$C$5,REGISTRO!$J$2:$J$1722,"DESCANSO POR DINAMICA")) | O13: =IF($B13="","",COUNTIFS(REGISTRO!$B$2:$B$1722,$B13,REGISTRO!$H$2:$H$1722,$C$5,REGISTRO!$J$2:$J$1722,"DINAMICA"))
B14: {=IFERROR(INDEX(PERSONAL!$A:$A,MATCH($B$3&"|"&7,PERSONAL!$N:$N,0)),"")} | C14: {=IFERROR(INDEX(PERSONAL!$B:$B,MATCH($B$3&"|"&7,PERSONAL!$N:$N,0)),"")} | D14: =IF($B14="","",COUNTIFS(REGISTRO!$B$2:$B$1722,$B14,REGISTRO!$H$2:$H$1722,$C$5,REGISTRO!$J$2:$J$1722,"VERDE")) | E14: =IF($B14="","",COUNTIFS(REGISTRO!$B$2:$B$1722,$B14,REGISTRO!$H$2:$H$1722,$C$5,REGISTRO!$J$2:$J$1722,"AMARILLO")) | F14: =IF($B14="","",COUNTIFS(REGISTRO!$B$2:$B$1722,$B14,REGISTRO!$H$2:$H$1722,$C$5,REGISTRO!$J$2:$J$1722,"ROJO")) | G14: =IF($B14="","",COUNTIFS(REGISTRO!$B$2:$B$1722,$B14,REGISTRO!$H$2:$H$1722,$C$5,REGISTRO!$J$2:$J$1722,"ROJO FUERTE")) | H14: =IF($B14="","",COUNTIFS(REGISTRO!$B$2:$B$1722,$B14,REGISTRO!$H$2:$H$1722,$C$5,REGISTRO!$J$2:$J$1722,"FALTA")) | I14: =IF($B14="","",COUNTIFS(REGISTRO!$B$2:$B$1722,$B14,REGISTRO!$H$2:$H$1722,$C$5,REGISTRO!$J$2:$J$1722,"VACACIONES")) | J14: =IF($B14="","",COUNTIFS(REGISTRO!$B$2:$B$1722,$B14,REGISTRO!$H$2:$H$1722,$C$5,REGISTRO!$J$2:$J$1722,"FESTIVO")) | K14: =IF($B14="","",COUNTIFS(REGISTRO!$B$2:$B$1722,$B14,REGISTRO!$H$2:$H$1722,$C$5,REGISTRO!$J$2:$J$1722,"INCAPACIDAD")) | L14: =IF($B14="","",COUNTIFS(REGISTRO!$B$2:$B$1722,$B14,REGISTRO!$H$2:$H$1722,$C$5,REGISTRO!$J$2:$J$1722,"PERMISO")) | M14: =IF($B14="","",COUNTIFS(REGISTRO!$B$2:$B$1722,$B14,REGISTRO!$H$2:$H$1722,$C$5,REGISTRO!$J$2:$J$1722,"DESCANSO")) | N14: =IF($B14="","",COUNTIFS(REGISTRO!$B$2:$B$1722,$B14,REGISTRO!$H$2:$H$1722,$C$5,REGISTRO!$J$2:$J$1722,"DESCANSO POR DINAMICA")) | O14: =IF($B14="","",COUNTIFS(REGISTRO!$B$2:$B$1722,$B14,REGISTRO!$H$2:$H$1722,$C$5,REGISTRO!$J$2:$J$1722,"DINAMICA"))
B15: {=IFERROR(INDEX(PERSONAL!$A:$A,MATCH($B$3&"|"&8,PERSONAL!$N:$N,0)),"")} | C15: {=IFERROR(INDEX(PERSONAL!$B:$B,MATCH($B$3&"|"&8,PERSONAL!$N:$N,0)),"")} | D15: =IF($B15="","",COUNTIFS(REGISTRO!$B$2:$B$1722,$B15,REGISTRO!$H$2:$H$1722,$C$5,REGISTRO!$J$2:$J$1722,"VERDE")) | E15: =IF($B15="","",COUNTIFS(REGISTRO!$B$2:$B$1722,$B15,REGISTRO!$H$2:$H$1722,$C$5,REGISTRO!$J$2:$J$1722,"AMARILLO")) | F15: =IF($B15="","",COUNTIFS(REGISTRO!$B$2:$B$1722,$B15,REGISTRO!$H$2:$H$1722,$C$5,REGISTRO!$J$2:$J$1722,"ROJO")) | G15: =IF($B15="","",COUNTIFS(REGISTRO!$B$2:$B$1722,$B15,REGISTRO!$H$2:$H$1722,$C$5,REGISTRO!$J$2:$J$1722,"ROJO FUERTE")) | H15: =IF($B15="","",COUNTIFS(REGISTRO!$B$2:$B$1722,$B15,REGISTRO!$H$2:$H$1722,$C$5,REGISTRO!$J$2:$J$1722,"FALTA")) | I15: =IF($B15="","",COUNTIFS(REGISTRO!$B$2:$B$1722,$B15,REGISTRO!$H$2:$H$1722,$C$5,REGISTRO!$J$2:$J$1722,"VACACIONES")) | J15: =IF($B15="","",COUNTIFS(REGISTRO!$B$2:$B$1722,$B15,REGISTRO!$H$2:$H$1722,$C$5,REGISTRO!$J$2:$J$1722,"FESTIVO")) | K15: =IF($B15="","",COUNTIFS(REGISTRO!$B$2:$B$1722,$B15,REGISTRO!$H$2:$H$1722,$C$5,REGISTRO!$J$2:$J$1722,"INCAPACIDAD")) | L15: =IF($B15="","",COUNTIFS(REGISTRO!$B$2:$B$1722,$B15,REGISTRO!$H$2:$H$1722,$C$5,REGISTRO!$J$2:$J$1722,"PERMISO")) | M15: =IF($B15="","",COUNTIFS(REGISTRO!$B$2:$B$1722,$B15,REGISTRO!$H$2:$H$1722,$C$5,REGISTRO!$J$2:$J$1722,"DESCANSO")) | N15: =IF($B15="","",COUNTIFS(REGISTRO!$B$2:$B$1722,$B15,REGISTRO!$H$2:$H$1722,$C$5,REGISTRO!$J$2:$J$1722,"DESCANSO POR DINAMICA")) | O15: =IF($B15="","",COUNTIFS(REGISTRO!$B$2:$B$1722,$B15,REGISTRO!$H$2:$H$1722,$C$5,REGISTRO!$J$2:$J$1722,"DINAMICA"))
B16: {=IFERROR(INDEX(PERSONAL!$A:$A,MATCH($B$3&"|"&9,PERSONAL!$N:$N,0)),"")} | C16: {=IFERROR(INDEX(PERSONAL!$B:$B,MATCH($B$3&"|"&9,PERSONAL!$N:$N,0)),"")} | D16: =IF($B16="","",COUNTIFS(REGISTRO!$B$2:$B$1722,$B16,REGISTRO!$H$2:$H$1722,$C$5,REGISTRO!$J$2:$J$1722,"VERDE")) | E16: =IF($B16="","",COUNTIFS(REGISTRO!$B$2:$B$1722,$B16,REGISTRO!$H$2:$H$1722,$C$5,REGISTRO!$J$2:$J$1722,"AMARILLO")) | F16: =IF($B16="","",COUNTIFS(REGISTRO!$B$2:$B$1722,$B16,REGISTRO!$H$2:$H$1722,$C$5,REGISTRO!$J$2:$J$1722,"ROJO")) | G16: =IF($B16="","",COUNTIFS(REGISTRO!$B$2:$B$1722,$B16,REGISTRO!$H$2:$H$1722,$C$5,REGISTRO!$J$2:$J$1722,"ROJO FUERTE")) | H16: =IF($B16="","",COUNTIFS(REGISTRO!$B$2:$B$1722,$B16,REGISTRO!$H$2:$H$1722,$C$5,REGISTRO!$J$2:$J$1722,"FALTA")) | I16: =IF($B16="","",COUNTIFS(REGISTRO!$B$2:$B$1722,$B16,REGISTRO!$H$2:$H$1722,$C$5,REGISTRO!$J$2:$J$1722,"VACACIONES")) | J16: =IF($B16="","",COUNTIFS(REGISTRO!$B$2:$B$1722,$B16,REGISTRO!$H$2:$H$1722,$C$5,REGISTRO!$J$2:$J$1722,"FESTIVO")) | K16: =IF($B16="","",COUNTIFS(REGISTRO!$B$2:$B$1722,$B16,REGISTRO!$H$2:$H$1722,$C$5,REGISTRO!$J$2:$J$1722,"INCAPACIDAD")) | L16: =IF($B16="","",COUNTIFS(REGISTRO!$B$2:$B$1722,$B16,REGISTRO!$H$2:$H$1722,$C$5,REGISTRO!$J$2:$J$1722,"PERMISO")) | M16: =IF($B16="","",COUNTIFS(REGISTRO!$B$2:$B$1722,$B16,REGISTRO!$H$2:$H$1722,$C$5,REGISTRO!$J$2:$J$1722,"DESCANSO")) | N16: =IF($B16="","",COUNTIFS(REGISTRO!$B$2:$B$1722,$B16,REGISTRO!$H$2:$H$1722,$C$5,REGISTRO!$J$2:$J$1722,"DESCANSO POR DINAMICA")) | O16: =IF($B16="","",COUNTIFS(REGISTRO!$B$2:$B$1722,$B16,REGISTRO!$H$2:$H$1722,$C$5,REGISTRO!$J$2:$J$1722,"DINAMICA"))
B17: {=IFERROR(INDEX(PERSONAL!$A:$A,MATCH($B$3&"|"&10,PERSONAL!$N:$N,0)),"")} | C17: {=IFERROR(INDEX(PERSONAL!$B:$B,MATCH($B$3&"|"&10,PERSONAL!$N:$N,0)),"")} | D17: =IF($B17="","",COUNTIFS(REGISTRO!$B$2:$B$1722,$B17,REGISTRO!$H$2:$H$1722,$C$5,REGISTRO!$J$2:$J$1722,"VERDE")) | E17: =IF($B17="","",COUNTIFS(REGISTRO!$B$2:$B$1722,$B17,REGISTRO!$H$2:$H$1722,$C$5,REGISTRO!$J$2:$J$1722,"AMARILLO")) | F17: =IF($B17="","",COUNTIFS(REGISTRO!$B$2:$B$1722,$B17,REGISTRO!$H$2:$H$1722,$C$5,REGISTRO!$J$2:$J$1722,"ROJO")) | G17: =IF($B17="","",COUNTIFS(REGISTRO!$B$2:$B$1722,$B17,REGISTRO!$H$2:$H$1722,$C$5,REGISTRO!$J$2:$J$1722,"ROJO FUERTE")) | H17: =IF($B17="","",COUNTIFS(REGISTRO!$B$2:$B$1722,$B17,REGISTRO!$H$2:$H$1722,$C$5,REGISTRO!$J$2:$J$1722,"FALTA")) | I17: =IF($B17="","",COUNTIFS(REGISTRO!$B$2:$B$1722,$B17,REGISTRO!$H$2:$H$1722,$C$5,REGISTRO!$J$2:$J$1722,"VACACIONES")) | J17: =IF($B17="","",COUNTIFS(REGISTRO!$B$2:$B$1722,$B17,REGISTRO!$H$2:$H$1722,$C$5,REGISTRO!$J$2:$J$1722,"FESTIVO")) | K17: =IF($B17="","",COUNTIFS(REGISTRO!$B$2:$B$1722,$B17,REGISTRO!$H$2:$H$1722,$C$5,REGISTRO!$J$2:$J$1722,"INCAPACIDAD")) | L17: =IF($B17="","",COUNTIFS(REGISTRO!$B$2:$B$1722,$B17,REGISTRO!$H$2:$H$1722,$C$5,REGISTRO!$J$2:$J$1722,"PERMISO")) | M17: =IF($B17="","",COUNTIFS(REGISTRO!$B$2:$B$1722,$B17,REGISTRO!$H$2:$H$1722,$C$5,REGISTRO!$J$2:$J$1722,"DESCANSO")) | N17: =IF($B17="","",COUNTIFS(REGISTRO!$B$2:$B$1722,$B17,REGISTRO!$H$2:$H$1722,$C$5,REGISTRO!$J$2:$J$1722,"DESCANSO POR DINAMICA")) | O17: =IF($B17="","",COUNTIFS(REGISTRO!$B$2:$B$1722,$B17,REGISTRO!$H$2:$H$1722,$C$5,REGISTRO!$J$2:$J$1722,"DINAMICA"))
B18: {=IFERROR(INDEX(PERSONAL!$A:$A,MATCH($B$3&"|"&11,PERSONAL!$N:$N,0)),"")} | C18: {=IFERROR(INDEX(PERSONAL!$B:$B,MATCH($B$3&"|"&11,PERSONAL!$N:$N,0)),"")} | D18: =IF($B18="","",COUNTIFS(REGISTRO!$B$2:$B$1722,$B18,REGISTRO!$H$2:$H$1722,$C$5,REGISTRO!$J$2:$J$1722,"VERDE")) | E18: =IF($B18="","",COUNTIFS(REGISTRO!$B$2:$B$1722,$B18,REGISTRO!$H$2:$H$1722,$C$5,REGISTRO!$J$2:$J$1722,"AMARILLO")) | F18: =IF($B18="","",COUNTIFS(REGISTRO!$B$2:$B$1722,$B18,REGISTRO!$H$2:$H$1722,$C$5,REGISTRO!$J$2:$J$1722,"ROJO")) | G18: =IF($B18="","",COUNTIFS(REGISTRO!$B$2:$B$1722,$B18,REGISTRO!$H$2:$H$1722,$C$5,REGISTRO!$J$2:$J$1722,"ROJO FUERTE")) | H18: =IF($B18="","",COUNTIFS(REGISTRO!$B$2:$B$1722,$B18,REGISTRO!$H$2:$H$1722,$C$5,REGISTRO!$J$2:$J$1722,"FALTA")) | I18: =IF($B18="","",COUNTIFS(REGISTRO!$B$2:$B$1722,$B18,REGISTRO!$H$2:$H$1722,$C$5,REGISTRO!$J$2:$J$1722,"VACACIONES")) | J18: =IF($B18="","",COUNTIFS(REGISTRO!$B$2:$B$1722,$B18,REGISTRO!$H$2:$H$1722,$C$5,REGISTRO!$J$2:$J$1722,"FESTIVO")) | K18: =IF($B18="","",COUNTIFS(REGISTRO!$B$2:$B$1722,$B18,REGISTRO!$H$2:$H$1722,$C$5,REGISTRO!$J$2:$J$1722,"INCAPACIDAD")) | L18: =IF($B18="","",COUNTIFS(REGISTRO!$B$2:$B$1722,$B18,REGISTRO!$H$2:$H$1722,$C$5,REGISTRO!$J$2:$J$1722,"PERMISO")) | M18: =IF($B18="","",COUNTIFS(REGISTRO!$B$2:$B$1722,$B18,REGISTRO!$H$2:$H$1722,$C$5,REGISTRO!$J$2:$J$1722,"DESCANSO")) | N18: =IF($B18="","",COUNTIFS(REGISTRO!$B$2:$B$1722,$B18,REGISTRO!$H$2:$H$1722,$C$5,REGISTRO!$J$2:$J$1722,"DESCANSO POR DINAMICA")) | O18: =IF($B18="","",COUNTIFS(REGISTRO!$B$2:$B$1722,$B18,REGISTRO!$H$2:$H$1722,$C$5,REGISTRO!$J$2:$J$1722,"DINAMICA"))
B19: {=IFERROR(INDEX(PERSONAL!$A:$A,MATCH($B$3&"|"&12,PERSONAL!$N:$N,0)),"")} | C19: {=IFERROR(INDEX(PERSONAL!$B:$B,MATCH($B$3&"|"&12,PERSONAL!$N:$N,0)),"")} | D19: =IF($B19="","",COUNTIFS(REGISTRO!$B$2:$B$1722,$B19,REGISTRO!$H$2:$H$1722,$C$5,REGISTRO!$J$2:$J$1722,"VERDE")) | E19: =IF($B19="","",COUNTIFS(REGISTRO!$B$2:$B$1722,$B19,REGISTRO!$H$2:$H$1722,$C$5,REGISTRO!$J$2:$J$1722,"AMARILLO")) | F19: =IF($B19="","",COUNTIFS(REGISTRO!$B$2:$B$1722,$B19,REGISTRO!$H$2:$H$1722,$C$5,REGISTRO!$J$2:$J$1722,"ROJO")) | G19: =IF($B19="","",COUNTIFS(REGISTRO!$B$2:$B$1722,$B19,REGISTRO!$H$2:$H$1722,$C$5,REGISTRO!$J$2:$J$1722,"ROJO FUERTE")) | H19: =IF($B19="","",COUNTIFS(REGISTRO!$B$2:$B$1722,$B19,REGISTRO!$H$2:$H$1722,$C$5,REGISTRO!$J$2:$J$1722,"FALTA")) | I19: =IF($B19="","",COUNTIFS(REGISTRO!$B$2:$B$1722,$B19,REGISTRO!$H$2:$H$1722,$C$5,REGISTRO!$J$2:$J$1722,"VACACIONES")) | J19: =IF($B19="","",COUNTIFS(REGISTRO!$B$2:$B$1722,$B19,REGISTRO!$H$2:$H$1722,$C$5,REGISTRO!$J$2:$J$1722,"FESTIVO")) | K19: =IF($B19="","",COUNTIFS(REGISTRO!$B$2:$B$1722,$B19,REGISTRO!$H$2:$H$1722,$C$5,REGISTRO!$J$2:$J$1722,"INCAPACIDAD")) | L19: =IF($B19="","",COUNTIFS(REGISTRO!$B$2:$B$1722,$B19,REGISTRO!$H$2:$H$1722,$C$5,REGISTRO!$J$2:$J$1722,"PERMISO")) | M19: =IF($B19="","",COUNTIFS(REGISTRO!$B$2:$B$1722,$B19,REGISTRO!$H$2:$H$1722,$C$5,REGISTRO!$J$2:$J$1722,"DESCANSO")) | N19: =IF($B19="","",COUNTIFS(REGISTRO!$B$2:$B$1722,$B19,REGISTRO!$H$2:$H$1722,$C$5,REGISTRO!$J$2:$J$1722,"DESCANSO POR DINAMICA")) | O19: =IF($B19="","",COUNTIFS(REGISTRO!$B$2:$B$1722,$B19,REGISTRO!$H$2:$H$1722,$C$5,REGISTRO!$J$2:$J$1722,"DINAMICA"))
B20: TOTAL | D20: =SUM(D8:D19) | E20: =SUM(E8:E19) | F20: =SUM(F8:F19) | G20: =SUM(G8:G19) | H20: =SUM(H8:H19) | I20: =SUM(I8:I19) | J20: =SUM(J8:J19) | K20: =SUM(K8:K19) | ... O20: =SUM(O8:O19)
B21: % VERDE | D21: =IF(SUM(D20:H20)=0,0,D20/SUM(D20:H20))
B22: REGISTROS / PROM. HORAS | D22: =COUNTIFS(REGISTRO!$F$2:$F$1722,$B$3,REGISTRO!$H$2:$H$1722,$C$5) | E22: =IFERROR(AVERAGEIFS(REGISTRO!$K$2:$K$1722,REGISTRO!$F$2:$F$1722,$B$3,REGISTRO!$H$2:$H$1722,$C$5),0)
A1000: Demo publico: datos ficticios anonimizados para portafolio.

Sheet MATEO HERRERA SOLIS
B2: SUPERVISOR
B3: MATEO HERRERA SOLIS
B5: PERIODO | C5: JUNIO | D5: AÑO 2026
B6: ASESORES
B7: No. EMP | C7: NOMBRE | D7: VERDE | E7: AMARILLO | F7: ROJO | G7: ROJO FUERTE | H7: FALTA | I7: VACACIONES | J7: FESTIVO | K7: INCAPACIDAD | L7: PERMISO | M7: DESCANSO | N7: DESCANSO POR DINAMICA | O7: DINAMICA
B8: {=IFERROR(INDEX(PERSONAL!$A:$A,MATCH($B$3&"|"&1,PERSONAL!$N:$N,0)),"")} | C8: {=IFERROR(INDEX(PERSONAL!$B:$B,MATCH($B$3&"|"&1,PERSONAL!$N:$N,0)),"")} | D8: =IF($B8="","",COUNTIFS(REGISTRO!$B$2:$B$1722,$B8,REGISTRO!$H$2:$H$1722,$C$5,REGISTRO!$J$2:$J$1722,"VERDE")) | E8: =IF($B8="","",COUNTIFS(REGISTRO!$B$2:$B$1722,$B8,REGISTRO!$H$2:$H$1722,$C$5,REGISTRO!$J$2:$J$1722,"AMARILLO")) | F8: =IF($B8="","",COUNTIFS(REGISTRO!$B$2:$B$1722,$B8,REGISTRO!$H$2:$H$1722,$C$5,REGISTRO!$J$2:$J$1722,"ROJO")) | G8: =IF($B8="","",COUNTIFS(REGISTRO!$B$2:$B$1722,$B8,REGISTRO!$H$2:$H$1722,$C$5,REGISTRO!$J$2:$J$1722,"ROJO FUERTE")) | H8: =IF($B8="","",COUNTIFS(REGISTRO!$B$2:$B$1722,$B8,REGISTRO!$H$2:$H$1722,$C$5,REGISTRO!$J$2:$J$1722,"FALTA")) | I8: =IF($B8="","",COUNTIFS(REGISTRO!$B$2:$B$1722,$B8,REGISTRO!$H$2:$H$1722,$C$5,REGISTRO!$J$2:$J$1722,"VACACIONES")) | J8: =IF($B8="","",COUNTIFS(REGISTRO!$B$2:$B$1722,$B8,REGISTRO!$H$2:$H$1722,$C$5,REGISTRO!$J$2:$J$1722,"FESTIVO")) | K8: =IF($B8="","",COUNTIFS(REGISTRO!$B$2:$B$1722,$B8,REGISTRO!$H$2:$H$1722,$C$5,REGISTRO!$J$2:$J$1722,"INCAPACIDAD")) | L8: =IF($B8="","",COUNTIFS(REGISTRO!$B$2:$B$1722,$B8,REGISTRO!$H$2:$H$1722,$C$5,REGISTRO!$J$2:$J$1722,"PERMISO")) | M8: =IF($B8="","",COUNTIFS(REGISTRO!$B$2:$B$1722,$B8,REGISTRO!$H$2:$H$1722,$C$5,REGISTRO!$J$2:$J$1722,"DESCANSO")) | N8: =IF($B8="","",COUNTIFS(REGISTRO!$B$2:$B$1722,$B8,REGISTRO!$H$2:$H$1722,$C$5,REGISTRO!$J$2:$J$1722,"DESCANSO POR DINAMICA")) | O8: =IF($B8="","",COUNTIFS(REGISTRO!$B$2:$B$1722,$B8,REGISTRO!$H$2:$H$1722,$C$5,REGISTRO!$J$2:$J$1722,"DINAMICA"))
B9: {=IFERROR(INDEX(PERSONAL!$A:$A,MATCH($B$3&"|"&2,PERSONAL!$N:$N,0)),"")} | C9: {=IFERROR(INDEX(PERSONAL!$B:$B,MATCH($B$3&"|"&2,PERSONAL!$N:$N,0)),"")} | D9: =IF($B9="","",COUNTIFS(REGISTRO!$B$2:$B$1722,$B9,REGISTRO!$H$2:$H$1722,$C$5,REGISTRO!$J$2:$J$1722,"VERDE")) | E9: =IF($B9="","",COUNTIFS(REGISTRO!$B$2:$B$1722,$B9,REGISTRO!$H$2:$H$1722,$C$5,REGISTRO!$J$2:$J$1722,"AMARILLO")) | F9: =IF($B9="","",COUNTIFS(REGISTRO!$B$2:$B$1722,$B9,REGISTRO!$H$2:$H$1722,$C$5,REGISTRO!$J$2:$J$1722,"ROJO")) | G9: =IF($B9="","",COUNTIFS(REGISTRO!$B$2:$B$1722,$B9,REGISTRO!$H$2:$H$1722,$C$5,REGISTRO!$J$2:$J$1722,"ROJO FUERTE")) | H9: =IF($B9="","",COUNTIFS(REGISTRO!$B$2:$B$1722,$B9,REGISTRO!$H$2:$H$1722,$C$5,REGISTRO!$J$2:$J$1722,"FALTA")) | I9: =IF($B9="","",COUNTIFS(REGISTRO!$B$2:$B$1722,$B9,REGISTRO!$H$2:$H$1722,$C$5,REGISTRO!$J$2:$J$1722,"VACACIONES")) | J9: =IF($B9="","",COUNTIFS(REGISTRO!$B$2:$B$1722,$B9,REGISTRO!$H$2:$H$1722,$C$5,REGISTRO!$J$2:$J$1722,"FESTIVO")) | K9: =IF($B9="","",COUNTIFS(REGISTRO!$B$2:$B$1722,$B9,REGISTRO!$H$2:$H$1722,$C$5,REGISTRO!$J$2:$J$1722,"INCAPACIDAD")) | L9: =IF($B9="","",COUNTIFS(REGISTRO!$B$2:$B$1722,$B9,REGISTRO!$H$2:$H$1722,$C$5,REGISTRO!$J$2:$J$1722,"PERMISO")) | M9: =IF($B9="","",COUNTIFS(REGISTRO!$B$2:$B$1722,$B9,REGISTRO!$H$2:$H$1722,$C$5,REGISTRO!$J$2:$J$1722,"DESCANSO")) | N9: =IF($B9="","",COUNTIFS(REGISTRO!$B$2:$B$1722,$B9,REGISTRO!$H$2:$H$1722,$C$5,REGISTRO!$J$2:$J$1722,"DESCANSO POR DINAMICA")) | O9: =IF($B9="","",COUNTIFS(REGISTRO!$B$2:$B$1722,$B9,REGISTRO!$H$2:$H$1722,$C$5,REGISTRO!$J$2:$J$1722,"DINAMICA"))
B10: {=IFERROR(INDEX(PERSONAL!$A:$A,MATCH($B$3&"|"&3,PERSONAL!$N:$N,0)),"")} | C10: {=IFERROR(INDEX(PERSONAL!$B:$B,MATCH($B$3&"|"&3,PERSONAL!$N:$N,0)),"")} | D10: =IF($B10="","",COUNTIFS(REGISTRO!$B$2:$B$1722,$B10,REGISTRO!$H$2:$H$1722,$C$5,REGISTRO!$J$2:$J$1722,"VERDE")) | E10: =IF($B10="","",COUNTIFS(REGISTRO!$B$2:$B$1722,$B10,REGISTRO!$H$2:$H$1722,$C$5,REGISTRO!$J$2:$J$1722,"AMARILLO")) | F10: =IF($B10="","",COUNTIFS(REGISTRO!$B$2:$B$1722,$B10,REGISTRO!$H$2:$H$1722,$C$5,REGISTRO!$J$2:$J$1722,"ROJO")) | G10: =IF($B10="","",COUNTIFS(REGISTRO!$B$2:$B$1722,$B10,REGISTRO!$H$2:$H$1722,$C$5,REGISTRO!$J$2:$J$1722,"ROJO FUERTE")) | H10: =IF($B10="","",COUNTIFS(REGISTRO!$B$2:$B$1722,$B10,REGISTRO!$H$2:$H$1722,$C$5,REGISTRO!$J$2:$J$1722,"FALTA")) | I10: =IF($B10="","",COUNTIFS(REGISTRO!$B$2:$B$1722,$B10,REGISTRO!$H$2:$H$1722,$C$5,REGISTRO!$J$2:$J$1722,"VACACIONES")) | J10: =IF($B10="","",COUNTIFS(REGISTRO!$B$2:$B$1722,$B10,REGISTRO!$H$2:$H$1722,$C$5,REGISTRO!$J$2:$J$1722,"FESTIVO")) | K10: =IF($B10="","",COUNTIFS(REGISTRO!$B$2:$B$1722,$B10,REGISTRO!$H$2:$H$1722,$C$5,REGISTRO!$J$2:$J$1722,"INCAPACIDAD")) | L10: =IF($B10="","",COUNTIFS(REGISTRO!$B$2:$B$1722,$B10,REGISTRO!$H$2:$H$1722,$C$5,REGISTRO!$J$2:$J$1722,"PERMISO")) | M10: =IF($B10="","",COUNTIFS(REGISTRO!$B$2:$B$1722,$B10,REGISTRO!$H$2:$H$1722,$C$5,REGISTRO!$J$2:$J$1722,"DESCANSO")) | N10: =IF($B10="","",COUNTIFS(REGISTRO!$B$2:$B$1722,$B10,REGISTRO!$H$2:$H$1722,$C$5,REGISTRO!$J$2:$J$1722,"DESCANSO POR DINAMICA")) | O10: =IF($B10="","",COUNTIFS(REGISTRO!$B$2:$B$1722,$B10,REGISTRO!$H$2:$H$1722,$C$5,REGISTRO!$J$2:$J$1722,"DINAMICA"))
B11: {=IFERROR(INDEX(PERSONAL!$A:$A,MATCH($B$3&"|"&4,PERSONAL!$N:$N,0)),"")} | C11: {=IFERROR(INDEX(PERSONAL!$B:$B,MATCH($B$3&"|"&4,PERSONAL!$N:$N,0)),"")} | D11: =IF($B11="","",COUNTIFS(REGISTRO!$B$2:$B$1722,$B11,REGISTRO!$H$2:$H$1722,$C$5,REGISTRO!$J$2:$J$1722,"VERDE")) | E11: =IF($B11="","",COUNTIFS(REGISTRO!$B$2:$B$1722,$B11,REGISTRO!$H$2:$H$1722,$C$5,REGISTRO!$J$2:$J$1722,"AMARILLO")) | F11: =IF($B11="","",COUNTIFS(REGISTRO!$B$2:$B$1722,$B11,REGISTRO!$H$2:$H$1722,$C$5,REGISTRO!$J$2:$J$1722,"ROJO")) | G11: =IF($B11="","",COUNTIFS(REGISTRO!$B$2:$B$1722,$B11,REGISTRO!$H$2:$H$1722,$C$5,REGISTRO!$J$2:$J$1722,"ROJO FUERTE")) | H11: =IF($B11="","",COUNTIFS(REGISTRO!$B$2:$B$1722,$B11,REGISTRO!$H$2:$H$1722,$C$5,REGISTRO!$J$2:$J$1722,"FALTA")) | I11: =IF($B11="","",COUNTIFS(REGISTRO!$B$2:$B$1722,$B11,REGISTRO!$H$2:$H$1722,$C$5,REGISTRO!$J$2:$J$1722,"VACACIONES")) | J11: =IF($B11="","",COUNTIFS(REGISTRO!$B$2:$B$1722,$B11,REGISTRO!$H$2:$H$1722,$C$5,REGISTRO!$J$2:$J$1722,"FESTIVO")) | K11: =IF($B11="","",COUNTIFS(REGISTRO!$B$2:$B$1722,$B11,REGISTRO!$H$2:$H$1722,$C$5,REGISTRO!$J$2:$J$1722,"INCAPACIDAD")) | L11: =IF($B11="","",COUNTIFS(REGISTRO!$B$2:$B$1722,$B11,REGISTRO!$H$2:$H$1722,$C$5,REGISTRO!$J$2:$J$1722,"PERMISO")) | M11: =IF($B11="","",COUNTIFS(REGISTRO!$B$2:$B$1722,$B11,REGISTRO!$H$2:$H$1722,$C$5,REGISTRO!$J$2:$J$1722,"DESCANSO")) | N11: =IF($B11="","",COUNTIFS(REGISTRO!$B$2:$B$1722,$B11,REGISTRO!$H$2:$H$1722,$C$5,REGISTRO!$J$2:$J$1722,"DESCANSO POR DINAMICA")) | O11: =IF($B11="","",COUNTIFS(REGISTRO!$B$2:$B$1722,$B11,REGISTRO!$H$2:$H$1722,$C$5,REGISTRO!$J$2:$J$1722,"DINAMICA"))
B12: {=IFERROR(INDEX(PERSONAL!$A:$A,MATCH($B$3&"|"&5,PERSONAL!$N:$N,0)),"")} | C12: {=IFERROR(INDEX(PERSONAL!$B:$B,MATCH($B$3&"|"&5,PERSONAL!$N:$N,0)),"")} | D12: =IF($B12="","",COUNTIFS(REGISTRO!$B$2:$B$1722,$B12,REGISTRO!$H$2:$H$1722,$C$5,REGISTRO!$J$2:$J$1722,"VERDE")) | E12: =IF($B12="","",COUNTIFS(REGISTRO!$B$2:$B$1722,$B12,REGISTRO!$H$2:$H$1722,$C$5,REGISTRO!$J$2:$J$1722,"AMARILLO")) | F12: =IF($B12="","",COUNTIFS(REGISTRO!$B$2:$B$1722,$B12,REGISTRO!$H$2:$H$1722,$C$5,REGISTRO!$J$2:$J$1722,"ROJO")) | G12: =IF($B12="","",COUNTIFS(REGISTRO!$B$2:$B$1722,$B12,REGISTRO!$H$2:$H$1722,$C$5,REGISTRO!$J$2:$J$1722,"ROJO FUERTE")) | H12: =IF($B12="","",COUNTIFS(REGISTRO!$B$2:$B$1722,$B12,REGISTRO!$H$2:$H$1722,$C$5,REGISTRO!$J$2:$J$1722,"FALTA")) | I12: =IF($B12="","",COUNTIFS(REGISTRO!$B$2:$B$1722,$B12,REGISTRO!$H$2:$H$1722,$C$5,REGISTRO!$J$2:$J$1722,"VACACIONES")) | J12: =IF($B12="","",COUNTIFS(REGISTRO!$B$2:$B$1722,$B12,REGISTRO!$H$2:$H$1722,$C$5,REGISTRO!$J$2:$J$1722,"FESTIVO")) | K12: =IF($B12="","",COUNTIFS(REGISTRO!$B$2:$B$1722,$B12,REGISTRO!$H$2:$H$1722,$C$5,REGISTRO!$J$2:$J$1722,"INCAPACIDAD")) | L12: =IF($B12="","",COUNTIFS(REGISTRO!$B$2:$B$1722,$B12,REGISTRO!$H$2:$H$1722,$C$5,REGISTRO!$J$2:$J$1722,"PERMISO")) | M12: =IF($B12="","",COUNTIFS(REGISTRO!$B$2:$B$1722,$B12,REGISTRO!$H$2:$H$1722,$C$5,REGISTRO!$J$2:$J$1722,"DESCANSO")) | N12: =IF($B12="","",COUNTIFS(REGISTRO!$B$2:$B$1722,$B12,REGISTRO!$H$2:$H$1722,$C$5,REGISTRO!$J$2:$J$1722,"DESCANSO POR DINAMICA")) | O12: =IF($B12="","",COUNTIFS(REGISTRO!$B$2:$B$1722,$B12,REGISTRO!$H$2:$H$1722,$C$5,REGISTRO!$J$2:$J$1722,"DINAMICA"))
B13: {=IFERROR(INDEX(PERSONAL!$A:$A,MATCH($B$3&"|"&6,PERSONAL!$N:$N,0)),"")} | C13: {=IFERROR(INDEX(PERSONAL!$B:$B,MATCH($B$3&"|"&6,PERSONAL!$N:$N,0)),"")} | D13: =IF($B13="","",COUNTIFS(REGISTRO!$B$2:$B$1722,$B13,REGISTRO!$H$2:$H$1722,$C$5,REGISTRO!$J$2:$J$1722,"VERDE")) | E13: =IF($B13="","",COUNTIFS(REGISTRO!$B$2:$B$1722,$B13,REGISTRO!$H$2:$H$1722,$C$5,REGISTRO!$J$2:$J$1722,"AMARILLO")) | F13: =IF($B13="","",COUNTIFS(REGISTRO!$B$2:$B$1722,$B13,REGISTRO!$H$2:$H$1722,$C$5,REGISTRO!$J$2:$J$1722,"ROJO")) | G13: =IF($B13="","",COUNTIFS(REGISTRO!$B$2:$B$1722,$B13,REGISTRO!$H$2:$H$1722,$C$5,REGISTRO!$J$2:$J$1722,"ROJO FUERTE")) | H13: =IF($B13="","",COUNTIFS(REGISTRO!$B$2:$B$1722,$B13,REGISTRO!$H$2:$H$1722,$C$5,REGISTRO!$J$2:$J$1722,"FALTA")) | I13: =IF($B13="","",COUNTIFS(REGISTRO!$B$2:$B$1722,$B13,REGISTRO!$H$2:$H$1722,$C$5,REGISTRO!$J$2:$J$1722,"VACACIONES")) | J13: =IF($B13="","",COUNTIFS(REGISTRO!$B$2:$B$1722,$B13,REGISTRO!$H$2:$H$1722,$C$5,REGISTRO!$J$2:$J$1722,"FESTIVO")) | K13: =IF($B13="","",COUNTIFS(REGISTRO!$B$2:$B$1722,$B13,REGISTRO!$H$2:$H$1722,$C$5,REGISTRO!$J$2:$J$1722,"INCAPACIDAD")) | L13: =IF($B13="","",COUNTIFS(REGISTRO!$B$2:$B$1722,$B13,REGISTRO!$H$2:$H$1722,$C$5,REGISTRO!$J$2:$J$1722,"PERMISO")) | M13: =IF($B13="","",COUNTIFS(REGISTRO!$B$2:$B$1722,$B13,REGISTRO!$H$2:$H$1722,$C$5,REGISTRO!$J$2:$J$1722,"DESCANSO")) | N13: =IF($B13="","",COUNTIFS(REGISTRO!$B$2:$B$1722,$B13,REGISTRO!$H$2:$H$1722,$C$5,REGISTRO!$J$2:$J$1722,"DESCANSO POR DINAMICA")) | O13: =IF($B13="","",COUNTIFS(REGISTRO!$B$2:$B$1722,$B13,REGISTRO!$H$2:$H$1722,$C$5,REGISTRO!$J$2:$J$1722,"DINAMICA"))
B14: {=IFERROR(INDEX(PERSONAL!$A:$A,MATCH($B$3&"|"&7,PERSONAL!$N:$N,0)),"")} | C14: {=IFERROR(INDEX(PERSONAL!$B:$B,MATCH($B$3&"|"&7,PERSONAL!$N:$N,0)),"")} | D14: =IF($B14="","",COUNTIFS(REGISTRO!$B$2:$B$1722,$B14,REGISTRO!$H$2:$H$1722,$C$5,REGISTRO!$J$2:$J$1722,"VERDE")) | E14: =IF($B14="","",COUNTIFS(REGISTRO!$B$2:$B$1722,$B14,REGISTRO!$H$2:$H$1722,$C$5,REGISTRO!$J$2:$J$1722,"AMARILLO")) | F14: =IF($B14="","",COUNTIFS(REGISTRO!$B$2:$B$1722,$B14,REGISTRO!$H$2:$H$1722,$C$5,REGISTRO!$J$2:$J$1722,"ROJO")) | G14: =IF($B14="","",COUNTIFS(REGISTRO!$B$2:$B$1722,$B14,REGISTRO!$H$2:$H$1722,$C$5,REGISTRO!$J$2:$J$1722,"ROJO FUERTE")) | H14: =IF($B14="","",COUNTIFS(REGISTRO!$B$2:$B$1722,$B14,REGISTRO!$H$2:$H$1722,$C$5,REGISTRO!$J$2:$J$1722,"FALTA")) | I14: =IF($B14="","",COUNTIFS(REGISTRO!$B$2:$B$1722,$B14,REGISTRO!$H$2:$H$1722,$C$5,REGISTRO!$J$2:$J$1722,"VACACIONES")) | J14: =IF($B14="","",COUNTIFS(REGISTRO!$B$2:$B$1722,$B14,REGISTRO!$H$2:$H$1722,$C$5,REGISTRO!$J$2:$J$1722,"FESTIVO")) | K14: =IF($B14="","",COUNTIFS(REGISTRO!$B$2:$B$1722,$B14,REGISTRO!$H$2:$H$1722,$C$5,REGISTRO!$J$2:$J$1722,"INCAPACIDAD")) | L14: =IF($B14="","",COUNTIFS(REGISTRO!$B$2:$B$1722,$B14,REGISTRO!$H$2:$H$1722,$C$5,REGISTRO!$J$2:$J$1722,"PERMISO")) | M14: =IF($B14="","",COUNTIFS(REGISTRO!$B$2:$B$1722,$B14,REGISTRO!$H$2:$H$1722,$C$5,REGISTRO!$J$2:$J$1722,"DESCANSO")) | N14: =IF($B14="","",COUNTIFS(REGISTRO!$B$2:$B$1722,$B14,REGISTRO!$H$2:$H$1722,$C$5,REGISTRO!$J$2:$J$1722,"DESCANSO POR DINAMICA")) | O14: =IF($B14="","",COUNTIFS(REGISTRO!$B$2:$B$1722,$B14,REGISTRO!$H$2:$H$1722,$C$5,REGISTRO!$J$2:$J$1722,"DINAMICA"))
B15: {=IFERROR(INDEX(PERSONAL!$A:$A,MATCH($B$3&"|"&8,PERSONAL!$N:$N,0)),"")} | C15: {=IFERROR(INDEX(PERSONAL!$B:$B,MATCH($B$3&"|"&8,PERSONAL!$N:$N,0)),"")} | D15: =IF($B15="","",COUNTIFS(REGISTRO!$B$2:$B$1722,$B15,REGISTRO!$H$2:$H$1722,$C$5,REGISTRO!$J$2:$J$1722,"VERDE")) | E15: =IF($B15="","",COUNTIFS(REGISTRO!$B$2:$B$1722,$B15,REGISTRO!$H$2:$H$1722,$C$5,REGISTRO!$J$2:$J$1722,"AMARILLO")) | F15: =IF($B15="","",COUNTIFS(REGISTRO!$B$2:$B$1722,$B15,REGISTRO!$H$2:$H$1722,$C$5,REGISTRO!$J$2:$J$1722,"ROJO")) | G15: =IF($B15="","",COUNTIFS(REGISTRO!$B$2:$B$1722,$B15,REGISTRO!$H$2:$H$1722,$C$5,REGISTRO!$J$2:$J$1722,"ROJO FUERTE")) | H15: =IF($B15="","",COUNTIFS(REGISTRO!$B$2:$B$1722,$B15,REGISTRO!$H$2:$H$1722,$C$5,REGISTRO!$J$2:$J$1722,"FALTA")) | I15: =IF($B15="","",COUNTIFS(REGISTRO!$B$2:$B$1722,$B15,REGISTRO!$H$2:$H$1722,$C$5,REGISTRO!$J$2:$J$1722,"VACACIONES")) | J15: =IF($B15="","",COUNTIFS(REGISTRO!$B$2:$B$1722,$B15,REGISTRO!$H$2:$H$1722,$C$5,REGISTRO!$J$2:$J$1722,"FESTIVO")) | K15: =IF($B15="","",COUNTIFS(REGISTRO!$B$2:$B$1722,$B15,REGISTRO!$H$2:$H$1722,$C$5,REGISTRO!$J$2:$J$1722,"INCAPACIDAD")) | L15: =IF($B15="","",COUNTIFS(REGISTRO!$B$2:$B$1722,$B15,REGISTRO!$H$2:$H$1722,$C$5,REGISTRO!$J$2:$J$1722,"PERMISO")) | M15: =IF($B15="","",COUNTIFS(REGISTRO!$B$2:$B$1722,$B15,REGISTRO!$H$2:$H$1722,$C$5,REGISTRO!$J$2:$J$1722,"DESCANSO")) | N15: =IF($B15="","",COUNTIFS(REGISTRO!$B$2:$B$1722,$B15,REGISTRO!$H$2:$H$1722,$C$5,REGISTRO!$J$2:$J$1722,"DESCANSO POR DINAMICA")) | O15: =IF($B15="","",COUNTIFS(REGISTRO!$B$2:$B$1722,$B15,REGISTRO!$H$2:$H$1722,$C$5,REGISTRO!$J$2:$J$1722,"DINAMICA"))
B16: {=IFERROR(INDEX(PERSONAL!$A:$A,MATCH($B$3&"|"&9,PERSONAL!$N:$N,0)),"")} | C16: {=IFERROR(INDEX(PERSONAL!$B:$B,MATCH($B$3&"|"&9,PERSONAL!$N:$N,0)),"")} | D16: =IF($B16="","",COUNTIFS(REGISTRO!$B$2:$B$1722,$B16,REGISTRO!$H$2:$H$1722,$C$5,REGISTRO!$J$2:$J$1722,"VERDE")) | E16: =IF($B16="","",COUNTIFS(REGISTRO!$B$2:$B$1722,$B16,REGISTRO!$H$2:$H$1722,$C$5,REGISTRO!$J$2:$J$1722,"AMARILLO")) | F16: =IF($B16="","",COUNTIFS(REGISTRO!$B$2:$B$1722,$B16,REGISTRO!$H$2:$H$1722,$C$5,REGISTRO!$J$2:$J$1722,"ROJO")) | G16: =IF($B16="","",COUNTIFS(REGISTRO!$B$2:$B$1722,$B16,REGISTRO!$H$2:$H$1722,$C$5,REGISTRO!$J$2:$J$1722,"ROJO FUERTE")) | H16: =IF($B16="","",COUNTIFS(REGISTRO!$B$2:$B$1722,$B16,REGISTRO!$H$2:$H$1722,$C$5,REGISTRO!$J$2:$J$1722,"FALTA")) | I16: =IF($B16="","",COUNTIFS(REGISTRO!$B$2:$B$1722,$B16,REGISTRO!$H$2:$H$1722,$C$5,REGISTRO!$J$2:$J$1722,"VACACIONES")) | J16: =IF($B16="","",COUNTIFS(REGISTRO!$B$2:$B$1722,$B16,REGISTRO!$H$2:$H$1722,$C$5,REGISTRO!$J$2:$J$1722,"FESTIVO")) | K16: =IF($B16="","",COUNTIFS(REGISTRO!$B$2:$B$1722,$B16,REGISTRO!$H$2:$H$1722,$C$5,REGISTRO!$J$2:$J$1722,"INCAPACIDAD")) | L16: =IF($B16="","",COUNTIFS(REGISTRO!$B$2:$B$1722,$B16,REGISTRO!$H$2:$H$1722,$C$5,REGISTRO!$J$2:$J$1722,"PERMISO")) | M16: =IF($B16="","",COUNTIFS(REGISTRO!$B$2:$B$1722,$B16,REGISTRO!$H$2:$H$1722,$C$5,REGISTRO!$J$2:$J$1722,"DESCANSO")) | N16: =IF($B16="","",COUNTIFS(REGISTRO!$B$2:$B$1722,$B16,REGISTRO!$H$2:$H$1722,$C$5,REGISTRO!$J$2:$J$1722,"DESCANSO POR DINAMICA")) | O16: =IF($B16="","",COUNTIFS(REGISTRO!$B$2:$B$1722,$B16,REGISTRO!$H$2:$H$1722,$C$5,REGISTRO!$J$2:$J$1722,"DINAMICA"))
B17: {=IFERROR(INDEX(PERSONAL!$A:$A,MATCH($B$3&"|"&10,PERSONAL!$N:$N,0)),"")} | C17: {=IFERROR(INDEX(PERSONAL!$B:$B,MATCH($B$3&"|"&10,PERSONAL!$N:$N,0)),"")} | D17: =IF($B17="","",COUNTIFS(REGISTRO!$B$2:$B$1722,$B17,REGISTRO!$H$2:$H$1722,$C$5,REGISTRO!$J$2:$J$1722,"VERDE")) | E17: =IF($B17="","",COUNTIFS(REGISTRO!$B$2:$B$1722,$B17,REGISTRO!$H$2:$H$1722,$C$5,REGISTRO!$J$2:$J$1722,"AMARILLO")) | F17: =IF($B17="","",COUNTIFS(REGISTRO!$B$2:$B$1722,$B17,REGISTRO!$H$2:$H$1722,$C$5,REGISTRO!$J$2:$J$1722,"ROJO")) | G17: =IF($B17="","",COUNTIFS(REGISTRO!$B$2:$B$1722,$B17,REGISTRO!$H$2:$H$1722,$C$5,REGISTRO!$J$2:$J$1722,"ROJO FUERTE")) | H17: =IF($B17="","",COUNTIFS(REGISTRO!$B$2:$B$1722,$B17,REGISTRO!$H$2:$H$1722,$C$5,REGISTRO!$J$2:$J$1722,"FALTA")) | I17: =IF($B17="","",COUNTIFS(REGISTRO!$B$2:$B$1722,$B17,REGISTRO!$H$2:$H$1722,$C$5,REGISTRO!$J$2:$J$1722,"VACACIONES")) | J17: =IF($B17="","",COUNTIFS(REGISTRO!$B$2:$B$1722,$B17,REGISTRO!$H$2:$H$1722,$C$5,REGISTRO!$J$2:$J$1722,"FESTIVO")) | K17: =IF($B17="","",COUNTIFS(REGISTRO!$B$2:$B$1722,$B17,REGISTRO!$H$2:$H$1722,$C$5,REGISTRO!$J$2:$J$1722,"INCAPACIDAD")) | L17: =IF($B17="","",COUNTIFS(REGISTRO!$B$2:$B$1722,$B17,REGISTRO!$H$2:$H$1722,$C$5,REGISTRO!$J$2:$J$1722,"PERMISO")) | M17: =IF($B17="","",COUNTIFS(REGISTRO!$B$2:$B$1722,$B17,REGISTRO!$H$2:$H$1722,$C$5,REGISTRO!$J$2:$J$1722,"DESCANSO")) | N17: =IF($B17="","",COUNTIFS(REGISTRO!$B$2:$B$1722,$B17,REGISTRO!$H$2:$H$1722,$C$5,REGISTRO!$J$2:$J$1722,"DESCANSO POR DINAMICA")) | O17: =IF($B17="","",COUNTIFS(REGISTRO!$B$2:$B$1722,$B17,REGISTRO!$H$2:$H$1722,$C$5,REGISTRO!$J$2:$J$1722,"DINAMICA"))
B18: {=IFERROR(INDEX(PERSONAL!$A:$A,MATCH($B$3&"|"&11,PERSONAL!$N:$N,0)),"")} | C18: {=IFERROR(INDEX(PERSONAL!$B:$B,MATCH($B$3&"|"&11,PERSONAL!$N:$N,0)),"")} | D18: =IF($B18="","",COUNTIFS(REGISTRO!$B$2:$B$1722,$B18,REGISTRO!$H$2:$H$1722,$C$5,REGISTRO!$J$2:$J$1722,"VERDE")) | E18: =IF($B18="","",COUNTIFS(REGISTRO!$B$2:$B$1722,$B18,REGISTRO!$H$2:$H$1722,$C$5,REGISTRO!$J$2:$J$1722,"AMARILLO")) | F18: =IF($B18="","",COUNTIFS(REGISTRO!$B$2:$B$1722,$B18,REGISTRO!$H$2:$H$1722,$C$5,REGISTRO!$J$2:$J$1722,"ROJO")) | G18: =IF($B18="","",COUNTIFS(REGISTRO!$B$2:$B$1722,$B18,REGISTRO!$H$2:$H$1722,$C$5,REGISTRO!$J$2:$J$1722,"ROJO FUERTE")) | H18: =IF($B18="","",COUNTIFS(REGISTRO!$B$2:$B$1722,$B18,REGISTRO!$H$2:$H$1722,$C$5,REGISTRO!$J$2:$J$1722,"FALTA")) | I18: =IF($B18="","",COUNTIFS(REGISTRO!$B$2:$B$1722,$B18,REGISTRO!$H$2:$H$1722,$C$5,REGISTRO!$J$2:$J$1722,"VACACIONES")) | J18: =IF($B18="","",COUNTIFS(REGISTRO!$B$2:$B$1722,$B18,REGISTRO!$H$2:$H$1722,$C$5,REGISTRO!$J$2:$J$1722,"FESTIVO")) | K18: =IF($B18="","",COUNTIFS(REGISTRO!$B$2:$B$1722,$B18,REGISTRO!$H$2:$H$1722,$C$5,REGISTRO!$J$2:$J$1722,"INCAPACIDAD")) | L18: =IF($B18="","",COUNTIFS(REGISTRO!$B$2:$B$1722,$B18,REGISTRO!$H$2:$H$1722,$C$5,REGISTRO!$J$2:$J$1722,"PERMISO")) | M18: =IF($B18="","",COUNTIFS(REGISTRO!$B$2:$B$1722,$B18,REGISTRO!$H$2:$H$1722,$C$5,REGISTRO!$J$2:$J$1722,"DESCANSO")) | N18: =IF($B18="","",COUNTIFS(REGISTRO!$B$2:$B$1722,$B18,REGISTRO!$H$2:$H$1722,$C$5,REGISTRO!$J$2:$J$1722,"DESCANSO POR DINAMICA")) | O18: =IF($B18="","",COUNTIFS(REGISTRO!$B$2:$B$1722,$B18,REGISTRO!$H$2:$H$1722,$C$5,REGISTRO!$J$2:$J$1722,"DINAMICA"))
B19: {=IFERROR(INDEX(PERSONAL!$A:$A,MATCH($B$3&"|"&12,PERSONAL!$N:$N,0)),"")} | C19: {=IFERROR(INDEX(PERSONAL!$B:$B,MATCH($B$3&"|"&12,PERSONAL!$N:$N,0)),"")} | D19: =IF($B19="","",COUNTIFS(REGISTRO!$B$2:$B$1722,$B19,REGISTRO!$H$2:$H$1722,$C$5,REGISTRO!$J$2:$J$1722,"VERDE")) | E19: =IF($B19="","",COUNTIFS(REGISTRO!$B$2:$B$1722,$B19,REGISTRO!$H$2:$H$1722,$C$5,REGISTRO!$J$2:$J$1722,"AMARILLO")) | F19: =IF($B19="","",COUNTIFS(REGISTRO!$B$2:$B$1722,$B19,REGISTRO!$H$2:$H$1722,$C$5,REGISTRO!$J$2:$J$1722,"ROJO")) | G19: =IF($B19="","",COUNTIFS(REGISTRO!$B$2:$B$1722,$B19,REGISTRO!$H$2:$H$1722,$C$5,REGISTRO!$J$2:$J$1722,"ROJO FUERTE")) | H19: =IF($B19="","",COUNTIFS(REGISTRO!$B$2:$B$1722,$B19,REGISTRO!$H$2:$H$1722,$C$5,REGISTRO!$J$2:$J$1722,"FALTA")) | I19: =IF($B19="","",COUNTIFS(REGISTRO!$B$2:$B$1722,$B19,REGISTRO!$H$2:$H$1722,$C$5,REGISTRO!$J$2:$J$1722,"VACACIONES")) | J19: =IF($B19="","",COUNTIFS(REGISTRO!$B$2:$B$1722,$B19,REGISTRO!$H$2:$H$1722,$C$5,REGISTRO!$J$2:$J$1722,"FESTIVO")) | K19: =IF($B19="","",COUNTIFS(REGISTRO!$B$2:$B$1722,$B19,REGISTRO!$H$2:$H$1722,$C$5,REGISTRO!$J$2:$J$1722,"INCAPACIDAD")) | L19: =IF($B19="","",COUNTIFS(REGISTRO!$B$2:$B$1722,$B19,REGISTRO!$H$2:$H$1722,$C$5,REGISTRO!$J$2:$J$1722,"PERMISO")) | M19: =IF($B19="","",COUNTIFS(REGISTRO!$B$2:$B$1722,$B19,REGISTRO!$H$2:$H$1722,$C$5,REGISTRO!$J$2:$J$1722,"DESCANSO")) | N19: =IF($B19="","",COUNTIFS(REGISTRO!$B$2:$B$1722,$B19,REGISTRO!$H$2:$H$1722,$C$5,REGISTRO!$J$2:$J$1722,"DESCANSO POR DINAMICA")) | O19: =IF($B19="","",COUNTIFS(REGISTRO!$B$2:$B$1722,$B19,REGISTRO!$H$2:$H$1722,$C$5,REGISTRO!$J$2:$J$1722,"DINAMICA"))
B20: TOTAL | D20: =SUM(D8:D19) | E20: =SUM(E8:E19) | F20: =SUM(F8:F19) | G20: =SUM(G8:G19) | H20: =SUM(H8:H19) | I20: =SUM(I8:I19) | J20: =SUM(J8:J19) | K20: =SUM(K8:K19) | ... O20: =SUM(O8:O19)
B21: % VERDE | D21: =IF(SUM(D20:H20)=0,0,D20/SUM(D20:H20))
B22: REGISTROS / PROM. HORAS | D22: =COUNTIFS(REGISTRO!$F$2:$F$1722,$B$3,REGISTRO!$H$2:$H$1722,$C$5) | E22: =IFERROR(AVERAGEIFS(REGISTRO!$K$2:$K$1722,REGISTRO!$F$2:$F$1722,$B$3,REGISTRO!$H$2:$H$1722,$C$5),0)
A1000: Demo publico: datos ficticios anonimizados para portafolio.

Sheet REGISTRO
A1: FECHA | B1: No. EMP | C1: ENTRADA | D1: SALIDA | E1: NOMBRE | F1: SUPERVISOR | G1: DÍA | H1: MES | I1: TIPO DÍA | J1: SEMÁFORO | K1: HORAS | L1: NOVEDAD | M1: UMBRAL AMARILLO (auto) | N1: UMBRAL ROJO (auto) | O1: UMBRAL ROJO FUERTE (auto)
A2: 46177 | B2: 7001 | C2: 0.33611111 | D2: - | E2: {=IF($B2="","",IFERROR(INDEX(PERSONAL!$B$2:$B$80,MATCH($B2,PERSONAL!$A$2:$A$80,0)),"NO EXISTE"))} | F2: {=IF($B2="","",IFERROR(INDEX(PERSONAL!$C$2:$C$80,MATCH($B2,PERSONAL!$A$2:$A$80,0)),""))} | G2: =IF($A2="","",CHOOSE(WEEKDAY($A2,2),"LUNES","MARTES","MIÉRCOLES","JUEVES","VIERNES","SÁBADO","DOMINGO")) | H2: =IF($A2="","",CHOOSE(MONTH($A2),"ENERO","FEBRERO","MARZO","ABRIL","MAYO","JUNIO","JULIO","AGOSTO","SEPTIEMBRE","OCTUBRE","NOVIEMBRE","DICIEMBRE")) | I2: =IF($A2="","",IF(OR($G2="SÁBADO",$G2="DOMINGO"),"FIN","LV")) | J2: =IF(OR($A2="",$B2=""),"",IF($L2<>"",UPPER($L2),IF($C2="","FALTA",IFERROR(IF($C2>=$O2,"ROJO FUERTE",IF($C2>=$N2,"ROJO",IF($C2>=$M2,"AMARILLO","VERDE"))),"REVISAR")))) | K2: =IF(OR($C2="",$D2=""),"",IF($D2>=$C2,($D2-$C2)*24,(1-$C2+$D2)*24)) | L2: VACACIONES | M2: {=IFERROR(INDEX(EXCEPCIONES_FECHA!$D$2:$D$201,MATCH(1,(EXCEPCIONES_FECHA!$A$2:$A$201=$A2)*(EXCEPCIONES_FECHA!$B$2:$B$201=$B2),0)),IFERROR(INDEX(EXCEPCIONES_FECHA!$D$2:$D$201,MATCH(1,(EXCEPCIONES_FECHA!$A$2:$A$201=$A2)*(EXCEPCIONES_FECHA!$B$2:$B$201=""),0)),IFERROR(INDEX(IF($I2="FIN",HISTORIAL_HORARIOS!$J$2:$J$201,HISTORIAL_HORARIOS!$F$2:$F$201),MATCH(1,(HISTORIAL_HORARIOS!$A$2:$A$201=$B2)*(HISTORIAL_HORARIOS!$C$2:$C$201<=$A2)*(HISTORIAL_HORARIOS!$D$2:$D$201>=$A2),0)),INDEX(IF($I2="FIN",PERSONAL!$J$2:$J$80,PERSONAL!$F$2:$F$80),MATCH($B2,PERSONAL!$A$2:$A$80,0)))))} | N2: {=IFERROR(INDEX(EXCEPCIONES_FECHA!$E$2:$E$201,MATCH(1,(EXCEPCIONES_FECHA!$A$2:$A$201=$A2)*(EXCEPCIONES_FECHA!$B$2:$B$201=$B2),0)),IFERROR(INDEX(EXCEPCIONES_FECHA!$E$2:$E$201,MATCH(1,(EXCEPCIONES_FECHA!$A$2:$A$201=$A2)*(EXCEPCIONES_FECHA!$B$2:$B$201=""),0)),IFERROR(INDEX(IF($I2="FIN",HISTORIAL_HORARIOS!$K$2:$K$201,HISTORIAL_HORARIOS!$G$2:$G$201),MATCH(1,(HISTORIAL_HORARIOS!$A$2:$A$201=$B2)*(HISTORIAL_HORARIOS!$C$2:$C$201<=$A2)*(HISTORIAL_HORARIOS!$D$2:$D$201>=$A2),0)),INDEX(IF($I2="FIN",PERSONAL!$K$2:$K$80,PERSONAL!$G$2:$G$80),MATCH($B2,PERSONAL!$A$2:$A$80,0)))))} | O2: {=IFERROR(INDEX(EXCEPCIONES_FECHA!$F$2:$F$201,MATCH(1,(EXCEPCIONES_FECHA!$A$2:$A$201=$A2)*(EXCEPCIONES_FECHA!$B$2:$B$201=$B2),0)),IFERROR(INDEX(EXCEPCIONES_FECHA!$F$2:$F$201,MATCH(1,(EXCEPCIONES_FECHA!$A$2:$A$201=$A2)*(EXCEPCIONES_FECHA!$B$2:$B$201=""),0)),IFERROR(INDEX(IF($I2="FIN",HISTORIAL_HORARIOS!$L$2:$L$201,HISTORIAL_HORARIOS!$H$2:$H$201),MATCH(1,(HISTORIAL_HORARIOS!$A$2:$A$201=$B2)*(HISTORIAL_HORARIOS!$C$2:$C$201<=$A2)*(HISTORIAL_HORARIOS!$D$2:$D$201>=$A2),0)),INDEX(IF($I2="FIN",PERSONAL!$L$2:$L$80,PERSONAL!$H$2:$H$80),MATCH($B2,PERSONAL!$A$2:$A$80,0)))))}
A3: 46177 | B3: 7003 | C3: 0.33611111 | D3: - | E3: {=IF($B3="","",IFERROR(INDEX(PERSONAL!$B$2:$B$80,MATCH($B3,PERSONAL!$A$2:$A$80,0)),"NO EXISTE"))} | F3: {=IF($B3="","",IFERROR(INDEX(PERSONAL!$C$2:$C$80,MATCH($B3,PERSONAL!$A$2:$A$80,0)),""))} | G3: =IF($A3="","",CHOOSE(WEEKDAY($A3,2),"LUNES","MARTES","MIÉRCOLES","JUEVES","VIERNES","SÁBADO","DOMINGO")) | H3: =IF($A3="","",CHOOSE(MONTH($A3),"ENERO","FEBRERO","MARZO","ABRIL","MAYO","JUNIO","JULIO","AGOSTO","SEPTIEMBRE","OCTUBRE","NOVIEMBRE","DICIEMBRE")) | I3: =IF($A3="","",IF(OR($G3="SÁBADO",$G3="DOMINGO"),"FIN","LV")) | J3: =IF(OR($A3="",$B3=""),"",IF($L3<>"",UPPER($L3),IF($C3="","FALTA",IFERROR(IF($C3>=$O3,"ROJO FUERTE",IF($C3>=$N3,"ROJO",IF($C3>=$M3,"AMARILLO","VERDE"))),"REVISAR")))) | K3: =IF(OR($C3="",$D3=""),"",IF($D3>=$C3,($D3-$C3)*24,(1-$C3+$D3)*24)) | M3: {=IFERROR(INDEX(EXCEPCIONES_FECHA!$D$2:$D$201,MATCH(1,(EXCEPCIONES_FECHA!$A$2:$A$201=$A3)*(EXCEPCIONES_FECHA!$B$2:$B$201=$B3),0)),IFERROR(INDEX(EXCEPCIONES_FECHA!$D$2:$D$201,MATCH(1,(EXCEPCIONES_FECHA!$A$2:$A$201=$A3)*(EXCEPCIONES_FECHA!$B$2:$B$201=""),0)),IFERROR(INDEX(IF($I3="FIN",HISTORIAL_HORARIOS!$J$2:$J$201,HISTORIAL_HORARIOS!$F$2:$F$201),MATCH(1,(HISTORIAL_HORARIOS!$A$2:$A$201=$B3)*(HISTORIAL_HORARIOS!$C$2:$C$201<=$A3)*(HISTORIAL_HORARIOS!$D$2:$D$201>=$A3),0)),INDEX(IF($I3="FIN",PERSONAL!$J$2:$J$80,PERSONAL!$F$2:$F$80),MATCH($B3,PERSONAL!$A$2:$A$80,0)))))} | N3: {=IFERROR(INDEX(EXCEPCIONES_FECHA!$E$2:$E$201,MATCH(1,(EXCEPCIONES_FECHA!$A$2:$A$201=$A3)*(EXCEPCIONES_FECHA!$B$2:$B$201=$B3),0)),IFERROR(INDEX(EXCEPCIONES_FECHA!$E$2:$E$201,MATCH(1,(EXCEPCIONES_FECHA!$A$2:$A$201=$A3)*(EXCEPCIONES_FECHA!$B$2:$B$201=""),0)),IFERROR(INDEX(IF($I3="FIN",HISTORIAL_HORARIOS!$K$2:$K$201,HISTORIAL_HORARIOS!$G$2:$G$201),MATCH(1,(HISTORIAL_HORARIOS!$A$2:$A$201=$B3)*(HISTORIAL_HORARIOS!$C$2:$C$201<=$A3)*(HISTORIAL_HORARIOS!$D$2:$D$201>=$A3),0)),INDEX(IF($I3="FIN",PERSONAL!$K$2:$K$80,PERSONAL!$G$2:$G$80),MATCH($B3,PERSONAL!$A$2:$A$80,0)))))} | O3: {=IFERROR(INDEX(EXCEPCIONES_FECHA!$F$2:$F$201,MATCH(1,(EXCEPCIONES_FECHA!$A$2:$A$201=$A3)*(EXCEPCIONES_FECHA!$B$2:$B$201=$B3),0)),IFERROR(INDEX(EXCEPCIONES_FECHA!$F$2:$F$201,MATCH(1,(EXCEPCIONES_FECHA!$A$2:$A$201=$A3)*(EXCEPCIONES_FECHA!$B$2:$B$201=""),0)),IFERROR(INDEX(IF($I3="FIN",HISTORIAL_HORARIOS!$L$2:$L$201,HISTORIAL_HORARIOS!$H$2:$H$201),MATCH(1,(HISTORIAL_HORARIOS!$A$2:$A$201=$B3)*(HISTORIAL_HORARIOS!$C$2:$C$201<=$A3)*(HISTORIAL_HORARIOS!$D$2:$D$201>=$A3),0)),INDEX(IF($I3="FIN",PERSONAL!$L$2:$L$80,PERSONAL!$H$2:$H$80),MATCH($B3,PERSONAL!$A$2:$A$80,0)))))}
A4: 46177 | B4: 7004 | C4: 0.33611111 | D4: - | E4: {=IF($B4="","",IFERROR(INDEX(PERSONAL!$B$2:$B$80,MATCH($B4,PERSONAL!$A$2:$A$80,0)),"NO EXISTE"))} | F4: {=IF($B4="","",IFERROR(INDEX(PERSONAL!$C$2:$C$80,MATCH($B4,PERSONAL!$A$2:$A$80,0)),""))} | G4: =IF($A4="","",CHOOSE(WEEKDAY($A4,2),"LUNES","MARTES","MIÉRCOLES","JUEVES","VIERNES","SÁBADO","DOMINGO")) | H4: =IF($A4="","",CHOOSE(MONTH($A4),"ENERO","FEBRERO","MARZO","ABRIL","MAYO","JUNIO","JULIO","AGOSTO","SEPTIEMBRE","OCTUBRE","NOVIEMBRE","DICIEMBRE")) | I4: =IF($A4="","",IF(OR($G4="SÁBADO",$G4="DOMINGO"),"FIN","LV")) | J4: =IF(OR($A4="",$B4=""),"",IF($L4<>"",UPPER($L4),IF($C4="","FALTA",IFERROR(IF($C4>=$O4,"ROJO FUERTE",IF($C4>=$N4,"ROJO",IF($C4>=$M4,"AMARILLO","VERDE"))),"REVISAR")))) | K4: =IF(OR($C4="",$D4=""),"",IF($D4>=$C4,($D4-$C4)*24,(1-$C4+$D4)*24)) | L4: FESTIVO | M4: {=IFERROR(INDEX(EXCEPCIONES_FECHA!$D$2:$D$201,MATCH(1,(EXCEPCIONES_FECHA!$A$2:$A$201=$A4)*(EXCEPCIONES_FECHA!$B$2:$B$201=$B4),0)),IFERROR(INDEX(EXCEPCIONES_FECHA!$D$2:$D$201,MATCH(1,(EXCEPCIONES_FECHA!$A$2:$A$201=$A4)*(EXCEPCIONES_FECHA!$B$2:$B$201=""),0)),IFERROR(INDEX(IF($I4="FIN",HISTORIAL_HORARIOS!$J$2:$J$201,HISTORIAL_HORARIOS!$F$2:$F$201),MATCH(1,(HISTORIAL_HORARIOS!$A$2:$A$201=$B4)*(HISTORIAL_HORARIOS!$C$2:$C$201<=$A4)*(HISTORIAL_HORARIOS!$D$2:$D$201>=$A4),0)),INDEX(IF($I4="FIN",PERSONAL!$J$2:$J$80,PERSONAL!$F$2:$F$80),MATCH($B4,PERSONAL!$A$2:$A$80,0)))))} | N4: {=IFERROR(INDEX(EXCEPCIONES_FECHA!$E$2:$E$201,MATCH(1,(EXCEPCIONES_FECHA!$A$2:$A$201=$A4)*(EXCEPCIONES_FECHA!$B$2:$B$201=$B4),0)),IFERROR(INDEX(EXCEPCIONES_FECHA!$E$2:$E$201,MATCH(1,(EXCEPCIONES_FECHA!$A$2:$A$201=$A4)*(EXCEPCIONES_FECHA!$B$2:$B$201=""),0)),IFERROR(INDEX(IF($I4="FIN",HISTORIAL_HORARIOS!$K$2:$K$201,HISTORIAL_HORARIOS!$G$2:$G$201),MATCH(1,(HISTORIAL_HORARIOS!$A$2:$A$201=$B4)*(HISTORIAL_HORARIOS!$C$2:$C$201<=$A4)*(HISTORIAL_HORARIOS!$D$2:$D$201>=$A4),0)),INDEX(IF($I4="FIN",PERSONAL!$K$2:$K$80,PERSONAL!$G$2:$G$80),MATCH($B4,PERSONAL!$A$2:$A$80,0)))))} | O4: {=IFERROR(INDEX(EXCEPCIONES_FECHA!$F$2:$F$201,MATCH(1,(EXCEPCIONES_FECHA!$A$2:$A$201=$A4)*(EXCEPCIONES_FECHA!$B$2:$B$201=$B4),0)),IFERROR(INDEX(EXCEPCIONES_FECHA!$F$2:$F$201,MATCH(1,(EXCEPCIONES_FECHA!$A$2:$A$201=$A4)*(EXCEPCIONES_FECHA!$B$2:$B$201=""),0)),IFERROR(INDEX(IF($I4="FIN",HISTORIAL_HORARIOS!$L$2:$L$201,HISTORIAL_HORARIOS!$H$2:$H$201),MATCH(1,(HISTORIAL_HORARIOS!$A$2:$A$201=$B4)*(HISTORIAL_HORARIOS!$C$2:$C$201<=$A4)*(HISTORIAL_HORARIOS!$D$2:$D$201>=$A4),0)),INDEX(IF($I4="FIN",PERSONAL!$L$2:$L$80,PERSONAL!$H$2:$H$80),MATCH($B4,PERSONAL!$A$2:$A$80,0)))))}
A5: 46177 | B5: 7005 | C5: 0.33611111 | D5: - | E5: {=IF($B5="","",IFERROR(INDEX(PERSONAL!$B$2:$B$80,MATCH($B5,PERSONAL!$A$2:$A$80,0)),"NO EXISTE"))} | F5: {=IF($B5="","",IFERROR(INDEX(PERSONAL!$C$2:$C$80,MATCH($B5,PERSONAL!$A$2:$A$80,0)),""))} | G5: =IF($A5="","",CHOOSE(WEEKDAY($A5,2),"LUNES","MARTES","MIÉRCOLES","JUEVES","VIERNES","SÁBADO","DOMINGO")) | H5: =IF($A5="","",CHOOSE(MONTH($A5),"ENERO","FEBRERO","MARZO","ABRIL","MAYO","JUNIO","JULIO","AGOSTO","SEPTIEMBRE","OCTUBRE","NOVIEMBRE","DICIEMBRE")) | I5: =IF($A5="","",IF(OR($G5="SÁBADO",$G5="DOMINGO"),"FIN","LV")) | J5: =IF(OR($A5="",$B5=""),"",IF($L5<>"",UPPER($L5),IF($C5="","FALTA",IFERROR(IF($C5>=$O5,"ROJO FUERTE",IF($C5>=$N5,"ROJO",IF($C5>=$M5,"AMARILLO","VERDE"))),"REVISAR")))) | K5: =IF(OR($C5="",$D5=""),"",IF($D5>=$C5,($D5-$C5)*24,(1-$C5+$D5)*24)) | M5: {=IFERROR(INDEX(EXCEPCIONES_FECHA!$D$2:$D$201,MATCH(1,(EXCEPCIONES_FECHA!$A$2:$A$201=$A5)*(EXCEPCIONES_FECHA!$B$2:$B$201=$B5),0)),IFERROR(INDEX(EXCEPCIONES_FECHA!$D$2:$D$201,MATCH(1,(EXCEPCIONES_FECHA!$A$2:$A$201=$A5)*(EXCEPCIONES_FECHA!$B$2:$B$201=""),0)),IFERROR(INDEX(IF($I5="FIN",HISTORIAL_HORARIOS!$J$2:$J$201,HISTORIAL_HORARIOS!$F$2:$F$201),MATCH(1,(HISTORIAL_HORARIOS!$A$2:$A$201=$B5)*(HISTORIAL_HORARIOS!$C$2:$C$201<=$A5)*(HISTORIAL_HORARIOS!$D$2:$D$201>=$A5),0)),INDEX(IF($I5="FIN",PERSONAL!$J$2:$J$80,PERSONAL!$F$2:$F$80),MATCH($B5,PERSONAL!$A$2:$A$80,0)))))} | N5: {=IFERROR(INDEX(EXCEPCIONES_FECHA!$E$2:$E$201,MATCH(1,(EXCEPCIONES_FECHA!$A$2:$A$201=$A5)*(EXCEPCIONES_FECHA!$B$2:$B$201=$B5),0)),IFERROR(INDEX(EXCEPCIONES_FECHA!$E$2:$E$201,MATCH(1,(EXCEPCIONES_FECHA!$A$2:$A$201=$A5)*(EXCEPCIONES_FECHA!$B$2:$B$201=""),0)),IFERROR(INDEX(IF($I5="FIN",HISTORIAL_HORARIOS!$K$2:$K$201,HISTORIAL_HORARIOS!$G$2:$G$201),MATCH(1,(HISTORIAL_HORARIOS!$A$2:$A$201=$B5)*(HISTORIAL_HORARIOS!$C$2:$C$201<=$A5)*(HISTORIAL_HORARIOS!$D$2:$D$201>=$A5),0)),INDEX(IF($I5="FIN",PERSONAL!$K$2:$K$80,PERSONAL!$G$2:$G$80),MATCH($B5,PERSONAL!$A$2:$A$80,0)))))} | O5: {=IFERROR(INDEX(EXCEPCIONES_FECHA!$F$2:$F$201,MATCH(1,(EXCEPCIONES_FECHA!$A$2:$A$201=$A5)*(EXCEPCIONES_FECHA!$B$2:$B$201=$B5),0)),IFERROR(INDEX(EXCEPCIONES_FECHA!$F$2:$F$201,MATCH(1,(EXCEPCIONES_FECHA!$A$2:$A$201=$A5)*(EXCEPCIONES_FECHA!$B$2:$B$201=""),0)),IFERROR(INDEX(IF($I5="FIN",HISTORIAL_HORARIOS!$L$2:$L$201,HISTORIAL_HORARIOS!$H$2:$H$201),MATCH(1,(HISTORIAL_HORARIOS!$A$2:$A$201=$B5)*(HISTORIAL_HORARIOS!$C$2:$C$201<=$A5)*(HISTORIAL_HORARIOS!$D$2:$D$201>=$A5),0)),INDEX(IF($I5="FIN",PERSONAL!$L$2:$L$80,PERSONAL!$H$2:$H$80),MATCH($B5,PERSONAL!$A$2:$A$80,0)))))}
A6: 46177 | B6: 7007 | C6: 0.33611111 | D6: - | E6: {=IF($B6="","",IFERROR(INDEX(PERSONAL!$B$2:$B$80,MATCH($B6,PERSONAL!$A$2:$A$80,0)),"NO EXISTE"))} | F6: {=IF($B6="","",IFERROR(INDEX(PERSONAL!$C$2:$C$80,MATCH($B6,PERSONAL!$A$2:$A$80,0)),""))} | G6: =IF($A6="","",CHOOSE(WEEKDAY($A6,2),"LUNES","MARTES","MIÉRCOLES","JUEVES","VIERNES","SÁBADO","DOMINGO")) | H6: =IF($A6="","",CHOOSE(MONTH($A6),"ENERO","FEBRERO","MARZO","ABRIL","MAYO","JUNIO","JULIO","AGOSTO","SEPTIEMBRE","OCTUBRE","NOVIEMBRE","DICIEMBRE")) | I6: =IF($A6="","",IF(OR($G6="SÁBADO",$G6="DOMINGO"),"FIN","LV")) | J6: =IF(OR($A6="",$B6=""),"",IF($L6<>"",UPPER($L6),IF($C6="","FALTA",IFERROR(IF($C6>=$O6,"ROJO FUERTE",IF($C6>=$N6,"ROJO",IF($C6>=$M6,"AMARILLO","VERDE"))),"REVISAR")))) | K6: =IF(OR($C6="",$D6=""),"",IF($D6>=$C6,($D6-$C6)*24,(1-$C6+$D6)*24)) | L6: INCAPACIDAD | M6: {=IFERROR(INDEX(EXCEPCIONES_FECHA!$D$2:$D$201,MATCH(1,(EXCEPCIONES_FECHA!$A$2:$A$201=$A6)*(EXCEPCIONES_FECHA!$B$2:$B$201=$B6),0)),IFERROR(INDEX(EXCEPCIONES_FECHA!$D$2:$D$201,MATCH(1,(EXCEPCIONES_FECHA!$A$2:$A$201=$A6)*(EXCEPCIONES_FECHA!$B$2:$B$201=""),0)),IFERROR(INDEX(IF($I6="FIN",HISTORIAL_HORARIOS!$J$2:$J$201,HISTORIAL_HORARIOS!$F$2:$F$201),MATCH(1,(HISTORIAL_HORARIOS!$A$2:$A$201=$B6)*(HISTORIAL_HORARIOS!$C$2:$C$201<=$A6)*(HISTORIAL_HORARIOS!$D$2:$D$201>=$A6),0)),INDEX(IF($I6="FIN",PERSONAL!$J$2:$J$80,PERSONAL!$F$2:$F$80),MATCH($B6,PERSONAL!$A$2:$A$80,0)))))} | N6: {=IFERROR(INDEX(EXCEPCIONES_FECHA!$E$2:$E$201,MATCH(1,(EXCEPCIONES_FECHA!$A$2:$A$201=$A6)*(EXCEPCIONES_FECHA!$B$2:$B$201=$B6),0)),IFERROR(INDEX(EXCEPCIONES_FECHA!$E$2:$E$201,MATCH(1,(EXCEPCIONES_FECHA!$A$2:$A$201=$A6)*(EXCEPCIONES_FECHA!$B$2:$B$201=""),0)),IFERROR(INDEX(IF($I6="FIN",HISTORIAL_HORARIOS!$K$2:$K$201,HISTORIAL_HORARIOS!$G$2:$G$201),MATCH(1,(HISTORIAL_HORARIOS!$A$2:$A$201=$B6)*(HISTORIAL_HORARIOS!$C$2:$C$201<=$A6)*(HISTORIAL_HORARIOS!$D$2:$D$201>=$A6),0)),INDEX(IF($I6="FIN",PERSONAL!$K$2:$K$80,PERSONAL!$G$2:$G$80),MATCH($B6,PERSONAL!$A$2:$A$80,0)))))} | O6: {=IFERROR(INDEX(EXCEPCIONES_FECHA!$F$2:$F$201,MATCH(1,(EXCEPCIONES_FECHA!$A$2:$A$201=$A6)*(EXCEPCIONES_FECHA!$B$2:$B$201=$B6),0)),IFERROR(INDEX(EXCEPCIONES_FECHA!$F$2:$F$201,MATCH(1,(EXCEPCIONES_FECHA!$A$2:$A$201=$A6)*(EXCEPCIONES_FECHA!$B$2:$B$201=""),0)),IFERROR(INDEX(IF($I6="FIN",HISTORIAL_HORARIOS!$L$2:$L$201,HISTORIAL_HORARIOS!$H$2:$H$201),MATCH(1,(HISTORIAL_HORARIOS!$A$2:$A$201=$B6)*(HISTORIAL_HORARIOS!$C$2:$C$201<=$A6)*(HISTORIAL_HORARIOS!$D$2:$D$201>=$A6),0)),INDEX(IF($I6="FIN",PERSONAL!$L$2:$L$80,PERSONAL!$H$2:$H$80),MATCH($B6,PERSONAL!$A$2:$A$80,0)))))}
A7: 46177 | B7: 7019 | C7: 0.45972222 | D7: - | E7: {=IF($B7="","",IFERROR(INDEX(PERSONAL!$B$2:$B$80,MATCH($B7,PERSONAL!$A$2:$A$80,0)),"NO EXISTE"))} | F7: {=IF($B7="","",IFERROR(INDEX(PERSONAL!$C$2:$C$80,MATCH($B7,PERSONAL!$A$2:$A$80,0)),""))} | G7: =IF($A7="","",CHOOSE(WEEKDAY($A7,2),"LUNES","MARTES","MIÉRCOLES","JUEVES","VIERNES","SÁBADO","DOMINGO")) | H7: =IF($A7="","",CHOOSE(MONTH($A7),"ENERO","FEBRERO","MARZO","ABRIL","MAYO","JUNIO","JULIO","AGOSTO","SEPTIEMBRE","OCTUBRE","NOVIEMBRE","DICIEMBRE")) | I7: =IF($A7="","",IF(OR($G7="SÁBADO",$G7="DOMINGO"),"FIN","LV")) | J7: =IF(OR($A7="",$B7=""),"",IF($L7<>"",UPPER($L7),IF($C7="","FALTA",IFERROR(IF($C7>=$O7,"ROJO FUERTE",IF($C7>=$N7,"ROJO",IF($C7>=$M7,"AMARILLO","VERDE"))),"REVISAR")))) | K7: =IF(OR($C7="",$D7=""),"",IF($D7>=$C7,($D7-$C7)*24,(1-$C7+$D7)*24)) | M7: {=IFERROR(INDEX(EXCEPCIONES_FECHA!$D$2:$D$201,MATCH(1,(EXCEPCIONES_FECHA!$A$2:$A$201=$A7)*(EXCEPCIONES_FECHA!$B$2:$B$201=$B7),0)),IFERROR(INDEX(EXCEPCIONES_FECHA!$D$2:$D$201,MATCH(1,(EXCEPCIONES_FECHA!$A$2:$A$201=$A7)*(EXCEPCIONES_FECHA!$B$2:$B$201=""),0)),IFERROR(INDEX(IF($I7="FIN",HISTORIAL_HORARIOS!$J$2:$J$201,HISTORIAL_HORARIOS!$F$2:$F$201),MATCH(1,(HISTORIAL_HORARIOS!$A$2:$A$201=$B7)*(HISTORIAL_HORARIOS!$C$2:$C$201<=$A7)*(HISTORIAL_HORARIOS!$D$2:$D$201>=$A7),0)),INDEX(IF($I7="FIN",PERSONAL!$J$2:$J$80,PERSONAL!$F$2:$F$80),MATCH($B7,PERSONAL!$A$2:$A$80,0)))))} | N7: {=IFERROR(INDEX(EXCEPCIONES_FECHA!$E$2:$E$201,MATCH(1,(EXCEPCIONES_FECHA!$A$2:$A$201=$A7)*(EXCEPCIONES_FECHA!$B$2:$B$201=$B7),0)),IFERROR(INDEX(EXCEPCIONES_FECHA!$E$2:$E$201,MATCH(1,(EXCEPCIONES_FECHA!$A$2:$A$201=$A7)*(EXCEPCIONES_FECHA!$B$2:$B$201=""),0)),IFERROR(INDEX(IF($I7="FIN",HISTORIAL_HORARIOS!$K$2:$K$201,HISTORIAL_HORARIOS!$G$2:$G$201),MATCH(1,(HISTORIAL_HORARIOS!$A$2:$A$201=$B7)*(HISTORIAL_HORARIOS!$C$2:$C$201<=$A7)*(HISTORIAL_HORARIOS!$D$2:$D$201>=$A7),0)),INDEX(IF($I7="FIN",PERSONAL!$K$2:$K$80,PERSONAL!$G$2:$G$80),MATCH($B7,PERSONAL!$A$2:$A$80,0)))))} | O7: {=IFERROR(INDEX(EXCEPCIONES_FECHA!$F$2:$F$201,MATCH(1,(EXCEPCIONES_FECHA!$A$2:$A$201=$A7)*(EXCEPCIONES_FECHA!$B$2:$B$201=$B7),0)),IFERROR(INDEX(EXCEPCIONES_FECHA!$F$2:$F$201,MATCH(1,(EXCEPCIONES_FECHA!$A$2:$A$201=$A7)*(EXCEPCIONES_FECHA!$B$2:$B$201=""),0)),IFERROR(INDEX(IF($I7="FIN",HISTORIAL_HORARIOS!$L$2:$L$201,HISTORIAL_HORARIOS!$H$2:$H$201),MATCH(1,(HISTORIAL_HORARIOS!$A$2:$A$201=$B7)*(HISTORIAL_HORARIOS!$C$2:$C$201<=$A7)*(HISTORIAL_HORARIOS!$D$2:$D$201>=$A7),0)),INDEX(IF($I7="FIN",PERSONAL!$L$2:$L$80,PERSONAL!$H$2:$H$80),MATCH($B7,PERSONAL!$A$2:$A$80,0)))))}
A8: 46177 | B8: 7016 | C8: 0.37152778 | D8: - | E8: {=IF($B8="","",IFERROR(INDEX(PERSONAL!$B$2:$B$80,MATCH($B8,PERSONAL!$A$2:$A$80,0)),"NO EXISTE"))} | F8: {=IF($B8="","",IFERROR(INDEX(PERSONAL!$C$2:$C$80,MATCH($B8,PERSONAL!$A$2:$A$80,0)),""))} | G8: =IF($A8="","",CHOOSE(WEEKDAY($A8,2),"LUNES","MARTES","MIÉRCOLES","JUEVES","VIERNES","SÁBADO","DOMINGO")) | H8: =IF($A8="","",CHOOSE(MONTH($A8),"ENERO","FEBRERO","MARZO","ABRIL","MAYO","JUNIO","JULIO","AGOSTO","SEPTIEMBRE","OCTUBRE","NOVIEMBRE","DICIEMBRE")) | I8: =IF($A8="","",IF(OR($G8="SÁBADO",$G8="DOMINGO"),"FIN","LV")) | J8: =IF(OR($A8="",$B8=""),"",IF($L8<>"",UPPER($L8),IF($C8="","FALTA",IFERROR(IF($C8>=$O8,"ROJO FUERTE",IF($C8>=$N8,"ROJO",IF($C8>=$M8,"AMARILLO","VERDE"))),"REVISAR")))) | K8: =IF(OR($C8="",$D8=""),"",IF($D8>=$C8,($D8-$C8)*24,(1-$C8+$D8)*24)) | L8: PERMISO | M8: {=IFERROR(INDEX(EXCEPCIONES_FECHA!$D$2:$D$201,MATCH(1,(EXCEPCIONES_FECHA!$A$2:$A$201=$A8)*(EXCEPCIONES_FECHA!$B$2:$B$201=$B8),0)),IFERROR(INDEX(EXCEPCIONES_FECHA!$D$2:$D$201,MATCH(1,(EXCEPCIONES_FECHA!$A$2:$A$201=$A8)*(EXCEPCIONES_FECHA!$B$2:$B$201=""),0)),IFERROR(INDEX(IF($I8="FIN",HISTORIAL_HORARIOS!$J$2:$J$201,HISTORIAL_HORARIOS!$F$2:$F$201),MATCH(1,(HISTORIAL_HORARIOS!$A$2:$A$201=$B8)*(HISTORIAL_HORARIOS!$C$2:$C$201<=$A8)*(HISTORIAL_HORARIOS!$D$2:$D$201>=$A8),0)),INDEX(IF($I8="FIN",PERSONAL!$J$2:$J$80,PERSONAL!$F$2:$F$80),MATCH($B8,PERSONAL!$A$2:$A$80,0)))))} | N8: {=IFERROR(INDEX(EXCEPCIONES_FECHA!$E$2:$E$201,MATCH(1,(EXCEPCIONES_FECHA!$A$2:$A$201=$A8)*(EXCEPCIONES_FECHA!$B$2:$B$201=$B8),0)),IFERROR(INDEX(EXCEPCIONES_FECHA!$E$2:$E$201,MATCH(1,(EXCEPCIONES_FECHA!$A$2:$A$201=$A8)*(EXCEPCIONES_FECHA!$B$2:$B$201=""),0)),IFERROR(INDEX(IF($I8="FIN",HISTORIAL_HORARIOS!$K$2:$K$201,HISTORIAL_HORARIOS!$G$2:$G$201),MATCH(1,(HISTORIAL_HORARIOS!$A$2:$A$201=$B8)*(HISTORIAL_HORARIOS!$C$2:$C$201<=$A8)*(HISTORIAL_HORARIOS!$D$2:$D$201>=$A8),0)),INDEX(IF($I8="FIN",PERSONAL!$K$2:$K$80,PERSONAL!$G$2:$G$80),MATCH($B8,PERSONAL!$A$2:$A$80,0)))))} | O8: {=IFERROR(INDEX(EXCEPCIONES_FECHA!$F$2:$F$201,MATCH(1,(EXCEPCIONES_FECHA!$A$2:$A$201=$A8)*(EXCEPCIONES_FECHA!$B$2:$B$201=$B8),0)),IFERROR(INDEX(EXCEPCIONES_FECHA!$F$2:$F$201,MATCH(1,(EXCEPCIONES_FECHA!$A$2:$A$201=$A8)*(EXCEPCIONES_FECHA!$B$2:$B$201=""),0)),IFERROR(INDEX(IF($I8="FIN",HISTORIAL_HORARIOS!$L$2:$L$201,HISTORIAL_HORARIOS!$H$2:$H$201),MATCH(1,(HISTORIAL_HORARIOS!$A$2:$A$201=$B8)*(HISTORIAL_HORARIOS!$C$2:$C$201<=$A8)*(HISTORIAL_HORARIOS!$D$2:$D$201>=$A8),0)),INDEX(IF($I8="FIN",PERSONAL!$L$2:$L$80,PERSONAL!$H$2:$H$80),MATCH($B8,PERSONAL!$A$2:$A$80,0)))))}
A9: 46177 | B9: 7017 | C9: 0.36319444 | D9: - | E9: {=IF($B9="","",IFERROR(INDEX(PERSONAL!$B$2:$B$80,MATCH($B9,PERSONAL!$A$2:$A$80,0)),"NO EXISTE"))} | F9: {=IF($B9="","",IFERROR(INDEX(PERSONAL!$C$2:$C$80,MATCH($B9,PERSONAL!$A$2:$A$80,0)),""))} | G9: =IF($A9="","",CHOOSE(WEEKDAY($A9,2),"LUNES","MARTES","MIÉRCOLES","JUEVES","VIERNES","SÁBADO","DOMINGO")) | H9: =IF($A9="","",CHOOSE(MONTH($A9),"ENERO","FEBRERO","MARZO","ABRIL","MAYO","JUNIO","JULIO","AGOSTO","SEPTIEMBRE","OCTUBRE","NOVIEMBRE","DICIEMBRE")) | I9: =IF($A9="","",IF(OR($G9="SÁBADO",$G9="DOMINGO"),"FIN","LV")) | J9: =IF(OR($A9="",$B9=""),"",IF($L9<>"",UPPER($L9),IF($C9="","FALTA",IFERROR(IF($C9>=$O9,"ROJO FUERTE",IF($C9>=$N9,"ROJO",IF($C9>=$M9,"AMARILLO","VERDE"))),"REVISAR")))) | K9: =IF(OR($C9="",$D9=""),"",IF($D9>=$C9,($D9-$C9)*24,(1-$C9+$D9)*24)) | M9: {=IFERROR(INDEX(EXCEPCIONES_FECHA!$D$2:$D$201,MATCH(1,(EXCEPCIONES_FECHA!$A$2:$A$201=$A9)*(EXCEPCIONES_FECHA!$B$2:$B$201=$B9),0)),IFERROR(INDEX(EXCEPCIONES_FECHA!$D$2:$D$201,MATCH(1,(EXCEPCIONES_FECHA!$A$2:$A$201=$A9)*(EXCEPCIONES_FECHA!$B$2:$B$201=""),0)),IFERROR(INDEX(IF($I9="FIN",HISTORIAL_HORARIOS!$J$2:$J$201,HISTORIAL_HORARIOS!$F$2:$F$201),MATCH(1,(HISTORIAL_HORARIOS!$A$2:$A$201=$B9)*(HISTORIAL_HORARIOS!$C$2:$C$201<=$A9)*(HISTORIAL_HORARIOS!$D$2:$D$201>=$A9),0)),INDEX(IF($I9="FIN",PERSONAL!$J$2:$J$80,PERSONAL!$F$2:$F$80),MATCH($B9,PERSONAL!$A$2:$A$80,0)))))} | N9: {=IFERROR(INDEX(EXCEPCIONES_FECHA!$E$2:$E$201,MATCH(1,(EXCEPCIONES_FECHA!$A$2:$A$201=$A9)*(EXCEPCIONES_FECHA!$B$2:$B$201=$B9),0)),IFERROR(INDEX(EXCEPCIONES_FECHA!$E$2:$E$201,MATCH(1,(EXCEPCIONES_FECHA!$A$2:$A$201=$A9)*(EXCEPCIONES_FECHA!$B$2:$B$201=""),0)),IFERROR(INDEX(IF($I9="FIN",HISTORIAL_HORARIOS!$K$2:$K$201,HISTORIAL_HORARIOS!$G$2:$G$201),MATCH(1,(HISTORIAL_HORARIOS!$A$2:$A$201=$B9)*(HISTORIAL_HORARIOS!$C$2:$C$201<=$A9)*(HISTORIAL_HORARIOS!$D$2:$D$201>=$A9),0)),INDEX(IF($I9="FIN",PERSONAL!$K$2:$K$80,PERSONAL!$G$2:$G$80),MATCH($B9,PERSONAL!$A$2:$A$80,0)))))} | O9: {=IFERROR(INDEX(EXCEPCIONES_FECHA!$F$2:$F$201,MATCH(1,(EXCEPCIONES_FECHA!$A$2:$A$201=$A9)*(EXCEPCIONES_FECHA!$B$2:$B$201=$B9),0)),IFERROR(INDEX(EXCEPCIONES_FECHA!$F$2:$F$201,MATCH(1,(EXCEPCIONES_FECHA!$A$2:$A$201=$A9)*(EXCEPCIONES_FECHA!$B$2:$B$201=""),0)),IFERROR(INDEX(IF($I9="FIN",HISTORIAL_HORARIOS!$L$2:$L$201,HISTORIAL_HORARIOS!$H$2:$H$201),MATCH(1,(HISTORIAL_HORARIOS!$A$2:$A$201=$B9)*(HISTORIAL_HORARIOS!$C$2:$C$201<=$A9)*(HISTORIAL_HORARIOS!$D$2:$D$201>=$A9),0)),INDEX(IF($I9="FIN",PERSONAL!$L$2:$L$80,PERSONAL!$H$2:$H$80),MATCH($B9,PERSONAL!$A$2:$A$80,0)))))}
E10: {=IF($B10="","",IFERROR(INDEX(PERSONAL!$B$2:$B$80,MATCH($B10,PERSONAL!$A$2:$A$80,0)),"NO EXISTE"))} | F10: {=IF($B10="","",IFERROR(INDEX(PERSONAL!$C$2:$C$80,MATCH($B10,PERSONAL!$A$2:$A$80,0)),""))} | G10: =IF($A10="","",CHOOSE(WEEKDAY($A10,2),"LUNES","MARTES","MIÉRCOLES","JUEVES","VIERNES","SÁBADO","DOMINGO")) | H10: =IF($A10="","",CHOOSE(MONTH($A10),"ENERO","FEBRERO","MARZO","ABRIL","MAYO","JUNIO","JULIO","AGOSTO","SEPTIEMBRE","OCTUBRE","NOVIEMBRE","DICIEMBRE")) | I10: =IF($A10="","",IF(OR($G10="SÁBADO",$G10="DOMINGO"),"FIN","LV")) | J10: =IF(OR($A10="",$B10=""),"",IF($L10<>"",UPPER($L10),IF($C10="","FALTA",IFERROR(IF($C10>=$O10,"ROJO FUERTE",IF($C10>=$N10,"ROJO",IF($C10>=$M10,"AMARILLO","VERDE"))),"REVISAR")))) | K10: =IF(OR($C10="",$D10=""),"",IF($D10>=$C10,($D10-$C10)*24,(1-$C10+$D10)*24)) | M10: {=IFERROR(INDEX(EXCEPCIONES_FECHA!$D$2:$D$201,MATCH(1,(EXCEPCIONES_FECHA!$A$2:$A$201=$A10)*(EXCEPCIONES_FECHA!$B$2:$B$201=$B10),0)),IFERROR(INDEX(EXCEPCIONES_FECHA!$D$2:$D$201,MATCH(1,(EXCEPCIONES_FECHA!$A$2:$A$201=$A10)*(EXCEPCIONES_FECHA!$B$2:$B$201=""),0)),IFERROR(INDEX(IF($I10="FIN",HISTORIAL_HORARIOS!$J$2:$J$201,HISTORIAL_HORARIOS!$F$2:$F$201),MATCH(1,(HISTORIAL_HORARIOS!$A$2:$A$201=$B10)*(HISTORIAL_HORARIOS!$C$2:$C$201<=$A10)*(HISTORIAL_HORARIOS!$D$2:$D$201>=$A10),0)),INDEX(IF($I10="FIN",PERSONAL!$J$2:$J$80,PERSONAL!$F$2:$F$80),MATCH($B10,PERSONAL!$A$2:$A$80,0)))))} | N10: {=IFERROR(INDEX(EXCEPCIONES_FECHA!$E$2:$E$201,MATCH(1,(EXCEPCIONES_FECHA!$A$2:$A$201=$A10)*(EXCEPCIONES_FECHA!$B$2:$B$201=$B10),0)),IFERROR(INDEX(EXCEPCIONES_FECHA!$E$2:$E$201,MATCH(1,(EXCEPCIONES_FECHA!$A$2:$A$201=$A10)*(EXCEPCIONES_FECHA!$B$2:$B$201=""),0)),IFERROR(INDEX(IF($I10="FIN",HISTORIAL_HORARIOS!$K$2:$K$201,HISTORIAL_HORARIOS!$G$2:$G$201),MATCH(1,(HISTORIAL_HORARIOS!$A$2:$A$201=$B10)*(HISTORIAL_HORARIOS!$C$2:$C$201<=$A10)*(HISTORIAL_HORARIOS!$D$2:$D$201>=$A10),0)),INDEX(IF($I10="FIN",PERSONAL!$K$2:$K$80,PERSONAL!$G$2:$G$80),MATCH($B10,PERSONAL!$A$2:$A$80,0)))))} | O10: {=IFERROR(INDEX(EXCEPCIONES_FECHA!$F$2:$F$201,MATCH(1,(EXCEPCIONES_FECHA!$A$2:$A$201=$A10)*(EXCEPCIONES_FECHA!$B$2:$B$201=$B10),0)),IFERROR(INDEX(EXCEPCIONES_FECHA!$F$2:$F$201,MATCH(1,(EXCEPCIONES_FECHA!$A$2:$A$201=$A10)*(EXCEPCIONES_FECHA!$B$2:$B$201=""),0)),IFERROR(INDEX(IF($I10="FIN",HISTORIAL_HORARIOS!$L$2:$L$201,HISTORIAL_HORARIOS!$H$2:$H$201),MATCH(1,(HISTORIAL_HORARIOS!$A$2:$A$201=$B10)*(HISTORIAL_HORARIOS!$C$2:$C$201<=$A10)*(HISTORIAL_HORARIOS!$D$2:$D$201>=$A10),0)),INDEX(IF($I10="FIN",PERSONAL!$L$2:$L$80,PERSONAL!$H$2:$H$80),MATCH($B10,PERSONAL!$A$2:$A$80,0)))))}
E11: {=IF($B11="","",IFERROR(INDEX(PERSONAL!$B$2:$B$80,MATCH($B11,PERSONAL!$A$2:$A$80,0)),"NO EXISTE"))} | F11: {=IF($B11="","",IFERROR(INDEX(PERSONAL!$C$2:$C$80,MATCH($B11,PERSONAL!$A$2:$A$80,0)),""))} | G11: =IF($A11="","",CHOOSE(WEEKDAY($A11,2),"LUNES","MARTES","MIÉRCOLES","JUEVES","VIERNES","SÁBADO","DOMINGO")) | H11: =IF($A11="","",CHOOSE(MONTH($A11),"ENERO","FEBRERO","MARZO","ABRIL","MAYO","JUNIO","JULIO","AGOSTO","SEPTIEMBRE","OCTUBRE","NOVIEMBRE","DICIEMBRE")) | I11: =IF($A11="","",IF(OR($G11="SÁBADO",$G11="DOMINGO"),"FIN","LV")) | J11: =IF(OR($A11="",$B11=""),"",IF($L11<>"",UPPER($L11),IF($C11="","FALTA",IFERROR(IF($C11>=$O11,"ROJO FUERTE",IF($C11>=$N11,"ROJO",IF($C11>=$M11,"AMARILLO","VERDE"))),"REVISAR")))) | K11: =IF(OR($C11="",$D11=""),"",IF($D11>=$C11,($D11-$C11)*24,(1-$C11+$D11)*24)) | M11: {=IFERROR(INDEX(EXCEPCIONES_FECHA!$D$2:$D$201,MATCH(1,(EXCEPCIONES_FECHA!$A$2:$A$201=$A11)*(EXCEPCIONES_FECHA!$B$2:$B$201=$B11),0)),IFERROR(INDEX(EXCEPCIONES_FECHA!$D$2:$D$201,MATCH(1,(EXCEPCIONES_FECHA!$A$2:$A$201=$A11)*(EXCEPCIONES_FECHA!$B$2:$B$201=""),0)),IFERROR(INDEX(IF($I11="FIN",HISTORIAL_HORARIOS!$J$2:$J$201,HISTORIAL_HORARIOS!$F$2:$F$201),MATCH(1,(HISTORIAL_HORARIOS!$A$2:$A$201=$B11)*(HISTORIAL_HORARIOS!$C$2:$C$201<=$A11)*(HISTORIAL_HORARIOS!$D$2:$D$201>=$A11),0)),INDEX(IF($I11="FIN",PERSONAL!$J$2:$J$80,PERSONAL!$F$2:$F$80),MATCH($B11,PERSONAL!$A$2:$A$80,0)))))} | N11: {=IFERROR(INDEX(EXCEPCIONES_FECHA!$E$2:$E$201,MATCH(1,(EXCEPCIONES_FECHA!$A$2:$A$201=$A11)*(EXCEPCIONES_FECHA!$B$2:$B$201=$B11),0)),IFERROR(INDEX(EXCEPCIONES_FECHA!$E$2:$E$201,MATCH(1,(EXCEPCIONES_FECHA!$A$2:$A$201=$A11)*(EXCEPCIONES_FECHA!$B$2:$B$201=""),0)),IFERROR(INDEX(IF($I11="FIN",HISTORIAL_HORARIOS!$K$2:$K$201,HISTORIAL_HORARIOS!$G$2:$G$201),MATCH(1,(HISTORIAL_HORARIOS!$A$2:$A$201=$B11)*(HISTORIAL_HORARIOS!$C$2:$C$201<=$A11)*(HISTORIAL_HORARIOS!$D$2:$D$201>=$A11),0)),INDEX(IF($I11="FIN",PERSONAL!$K$2:$K$80,PERSONAL!$G$2:$G$80),MATCH($B11,PERSONAL!$A$2:$A$80,0)))))} | O11: {=IFERROR(INDEX(EXCEPCIONES_FECHA!$F$2:$F$201,MATCH(1,(EXCEPCIONES_FECHA!$A$2:$A$201=$A11)*(EXCEPCIONES_FECHA!$B$2:$B$201=$B11),0)),IFERROR(INDEX(EXCEPCIONES_FECHA!$F$2:$F$201,MATCH(1,(EXCEPCIONES_FECHA!$A$2:$A$201=$A11)*(EXCEPCIONES_FECHA!$B$2:$B$201=""),0)),IFERROR(INDEX(IF($I11="FIN",HISTORIAL_HORARIOS!$L$2:$L$201,HISTORIAL_HORARIOS!$H$2:$H$201),MATCH(1,(HISTORIAL_HORARIOS!$A$2:$A$201=$B11)*(HISTORIAL_HORARIOS!$C$2:$C$201<=$A11)*(HISTORIAL_HORARIOS!$D$2:$D$201>=$A11),0)),INDEX(IF($I11="FIN",PERSONAL!$L$2:$L$80,PERSONAL!$H$2:$H$80),MATCH($B11,PERSONAL!$A$2:$A$80,0)))))}
E12: {=IF($B12="","",IFERROR(INDEX(PERSONAL!$B$2:$B$80,MATCH($B12,PERSONAL!$A$2:$A$80,0)),"NO EXISTE"))} | F12: {=IF($B12="","",IFERROR(INDEX(PERSONAL!$C$2:$C$80,MATCH($B12,PERSONAL!$A$2:$A$80,0)),""))} | G12: =IF($A12="","",CHOOSE(WEEKDAY($A12,2),"LUNES","MARTES","MIÉRCOLES","JUEVES","VIERNES","SÁBADO","DOMINGO")) | H12: =IF($A12="","",CHOOSE(MONTH($A12),"ENERO","FEBRERO","MARZO","ABRIL","MAYO","JUNIO","JULIO","AGOSTO","SEPTIEMBRE","OCTUBRE","NOVIEMBRE","DICIEMBRE")) | I12: =IF($A12="","",IF(OR($G12="SÁBADO",$G12="DOMINGO"),"FIN","LV")) | J12: =IF(OR($A12="",$B12=""),"",IF($L12<>"",UPPER($L12),IF($C12="","FALTA",IFERROR(IF($C12>=$O12,"ROJO FUERTE",IF($C12>=$N12,"ROJO",IF($C12>=$M12,"AMARILLO","VERDE"))),"REVISAR")))) | K12: =IF(OR($C12="",$D12=""),"",IF($D12>=$C12,($D12-$C12)*24,(1-$C12+$D12)*24)) | M12: {=IFERROR(INDEX(EXCEPCIONES_FECHA!$D$2:$D$201,MATCH(1,(EXCEPCIONES_FECHA!$A$2:$A$201=$A12)*(EXCEPCIONES_FECHA!$B$2:$B$201=$B12),0)),IFERROR(INDEX(EXCEPCIONES_FECHA!$D$2:$D$201,MATCH(1,(EXCEPCIONES_FECHA!$A$2:$A$201=$A12)*(EXCEPCIONES_FECHA!$B$2:$B$201=""),0)),IFERROR(INDEX(IF($I12="FIN",HISTORIAL_HORARIOS!$J$2:$J$201,HISTORIAL_HORARIOS!$F$2:$F$201),MATCH(1,(HISTORIAL_HORARIOS!$A$2:$A$201=$B12)*(HISTORIAL_HORARIOS!$C$2:$C$201<=$A12)*(HISTORIAL_HORARIOS!$D$2:$D$201>=$A12),0)),INDEX(IF($I12="FIN",PERSONAL!$J$2:$J$80,PERSONAL!$F$2:$F$80),MATCH($B12,PERSONAL!$A$2:$A$80,0)))))} | N12: {=IFERROR(INDEX(EXCEPCIONES_FECHA!$E$2:$E$201,MATCH(1,(EXCEPCIONES_FECHA!$A$2:$A$201=$A12)*(EXCEPCIONES_FECHA!$B$2:$B$201=$B12),0)),IFERROR(INDEX(EXCEPCIONES_FECHA!$E$2:$E$201,MATCH(1,(EXCEPCIONES_FECHA!$A$2:$A$201=$A12)*(EXCEPCIONES_FECHA!$B$2:$B$201=""),0)),IFERROR(INDEX(IF($I12="FIN",HISTORIAL_HORARIOS!$K$2:$K$201,HISTORIAL_HORARIOS!$G$2:$G$201),MATCH(1,(HISTORIAL_HORARIOS!$A$2:$A$201=$B12)*(HISTORIAL_HORARIOS!$C$2:$C$201<=$A12)*(HISTORIAL_HORARIOS!$D$2:$D$201>=$A12),0)),INDEX(IF($I12="FIN",PERSONAL!$K$2:$K$80,PERSONAL!$G$2:$G$80),MATCH($B12,PERSONAL!$A$2:$A$80,0)))))} | O12: {=IFERROR(INDEX(EXCEPCIONES_FECHA!$F$2:$F$201,MATCH(1,(EXCEPCIONES_FECHA!$A$2:$A$201=$A12)*(EXCEPCIONES_FECHA!$B$2:$B$201=$B12),0)),IFERROR(INDEX(EXCEPCIONES_FECHA!$F$2:$F$201,MATCH(1,(EXCEPCIONES_FECHA!$A$2:$A$201=$A12)*(EXCEPCIONES_FECHA!$B$2:$B$201=""),0)),IFERROR(INDEX(IF($I12="FIN",HISTORIAL_HORARIOS!$L$2:$L$201,HISTORIAL_HORARIOS!$H$2:$H$201),MATCH(1,(HISTORIAL_HORARIOS!$A$2:$A$201=$B12)*(HISTORIAL_HORARIOS!$C$2:$C$201<=$A12)*(HISTORIAL_HORARIOS!$D$2:$D$201>=$A12),0)),INDEX(IF($I12="FIN",PERSONAL!$L$2:$L$80,PERSONAL!$H$2:$H$80),MATCH($B12,PERSONAL!$A$2:$A$80,0)))))}
E13: {=IF($B13="","",IFERROR(INDEX(PERSONAL!$B$2:$B$80,MATCH($B13,PERSONAL!$A$2:$A$80,0)),"NO EXISTE"))} | F13: {=IF($B13="","",IFERROR(INDEX(PERSONAL!$C$2:$C$80,MATCH($B13,PERSONAL!$A$2:$A$80,0)),""))} | G13: =IF($A13="","",CHOOSE(WEEKDAY($A13,2),"LUNES","MARTES","MIÉRCOLES","JUEVES","VIERNES","SÁBADO","DOMINGO")) | H13: =IF($A13="","",CHOOSE(MONTH($A13),"ENERO","FEBRERO","MARZO","ABRIL","MAYO","JUNIO","JULIO","AGOSTO","SEPTIEMBRE","OCTUBRE","NOVIEMBRE","DICIEMBRE")) | I13: =IF($A13="","",IF(OR($G13="SÁBADO",$G13="DOMINGO"),"FIN","LV")) | J13: =IF(OR($A13="",$B13=""),"",IF($L13<>"",UPPER($L13),IF($C13="","FALTA",IFERROR(IF($C13>=$O13,"ROJO FUERTE",IF($C13>=$N13,"ROJO",IF($C13>=$M13,"AMARILLO","VERDE"))),"REVISAR")))) | K13: =IF(OR($C13="",$D13=""),"",IF($D13>=$C13,($D13-$C13)*24,(1-$C13+$D13)*24)) | M13: {=IFERROR(INDEX(EXCEPCIONES_FECHA!$D$2:$D$201,MATCH(1,(EXCEPCIONES_FECHA!$A$2:$A$201=$A13)*(EXCEPCIONES_FECHA!$B$2:$B$201=$B13),0)),IFERROR(INDEX(EXCEPCIONES_FECHA!$D$2:$D$201,MATCH(1,(EXCEPCIONES_FECHA!$A$2:$A$201=$A13)*(EXCEPCIONES_FECHA!$B$2:$B$201=""),0)),IFERROR(INDEX(IF($I13="FIN",HISTORIAL_HORARIOS!$J$2:$J$201,HISTORIAL_HORARIOS!$F$2:$F$201),MATCH(1,(HISTORIAL_HORARIOS!$A$2:$A$201=$B13)*(HISTORIAL_HORARIOS!$C$2:$C$201<=$A13)*(HISTORIAL_HORARIOS!$D$2:$D$201>=$A13),0)),INDEX(IF($I13="FIN",PERSONAL!$J$2:$J$80,PERSONAL!$F$2:$F$80),MATCH($B13,PERSONAL!$A$2:$A$80,0)))))} | N13: {=IFERROR(INDEX(EXCEPCIONES_FECHA!$E$2:$E$201,MATCH(1,(EXCEPCIONES_FECHA!$A$2:$A$201=$A13)*(EXCEPCIONES_FECHA!$B$2:$B$201=$B13),0)),IFERROR(INDEX(EXCEPCIONES_FECHA!$E$2:$E$201,MATCH(1,(EXCEPCIONES_FECHA!$A$2:$A$201=$A13)*(EXCEPCIONES_FECHA!$B$2:$B$201=""),0)),IFERROR(INDEX(IF($I13="FIN",HISTORIAL_HORARIOS!$K$2:$K$201,HISTORIAL_HORARIOS!$G$2:$G$201),MATCH(1,(HISTORIAL_HORARIOS!$A$2:$A$201=$B13)*(HISTORIAL_HORARIOS!$C$2:$C$201<=$A13)*(HISTORIAL_HORARIOS!$D$2:$D$201>=$A13),0)),INDEX(IF($I13="FIN",PERSONAL!$K$2:$K$80,PERSONAL!$G$2:$G$80),MATCH($B13,PERSONAL!$A$2:$A$80,0)))))} | O13: {=IFERROR(INDEX(EXCEPCIONES_FECHA!$F$2:$F$201,MATCH(1,(EXCEPCIONES_FECHA!$A$2:$A$201=$A13)*(EXCEPCIONES_FECHA!$B$2:$B$201=$B13),0)),IFERROR(INDEX(EXCEPCIONES_FECHA!$F$2:$F$201,MATCH(1,(EXCEPCIONES_FECHA!$A$2:$A$201=$A13)*(EXCEPCIONES_FECHA!$B$2:$B$201=""),0)),IFERROR(INDEX(IF($I13="FIN",HISTORIAL_HORARIOS!$L$2:$L$201,HISTORIAL_HORARIOS!$H$2:$H$201),MATCH(1,(HISTORIAL_HORARIOS!$A$2:$A$201=$B13)*(HISTORIAL_HORARIOS!$C$2:$C$201<=$A13)*(HISTORIAL_HORARIOS!$D$2:$D$201>=$A13),0)),INDEX(IF($I13="FIN",PERSONAL!$L$2:$L$80,PERSONAL!$H$2:$H$80),MATCH($B13,PERSONAL!$A$2:$A$80,0)))))}
E14: {=IF($B14="","",IFERROR(INDEX(PERSONAL!$B$2:$B$80,MATCH($B14,PERSONAL!$A$2:$A$80,0)),"NO EXISTE"))} | F14: {=IF($B14="","",IFERROR(INDEX(PERSONAL!$C$2:$C$80,MATCH($B14,PERSONAL!$A$2:$A$80,0)),""))} | G14: =IF($A14="","",CHOOSE(WEEKDAY($A14,2),"LUNES","MARTES","MIÉRCOLES","JUEVES","VIERNES","SÁBADO","DOMINGO")) | H14: =IF($A14="","",CHOOSE(MONTH($A14),"ENERO","FEBRERO","MARZO","ABRIL","MAYO","JUNIO","JULIO","AGOSTO","SEPTIEMBRE","OCTUBRE","NOVIEMBRE","DICIEMBRE")) | I14: =IF($A14="","",IF(OR($G14="SÁBADO",$G14="DOMINGO"),"FIN","LV")) | J14: =IF(OR($A14="",$B14=""),"",IF($L14<>"",UPPER($L14),IF($C14="","FALTA",IFERROR(IF($C14>=$O14,"ROJO FUERTE",IF($C14>=$N14,"ROJO",IF($C14>=$M14,"AMARILLO","VERDE"))),"REVISAR")))) | K14: =IF(OR($C14="",$D14=""),"",IF($D14>=$C14,($D14-$C14)*24,(1-$C14+$D14)*24)) | M14: {=IFERROR(INDEX(EXCEPCIONES_FECHA!$D$2:$D$201,MATCH(1,(EXCEPCIONES_FECHA!$A$2:$A$201=$A14)*(EXCEPCIONES_FECHA!$B$2:$B$201=$B14),0)),IFERROR(INDEX(EXCEPCIONES_FECHA!$D$2:$D$201,MATCH(1,(EXCEPCIONES_FECHA!$A$2:$A$201=$A14)*(EXCEPCIONES_FECHA!$B$2:$B$201=""),0)),IFERROR(INDEX(IF($I14="FIN",HISTORIAL_HORARIOS!$J$2:$J$201,HISTORIAL_HORARIOS!$F$2:$F$201),MATCH(1,(HISTORIAL_HORARIOS!$A$2:$A$201=$B14)*(HISTORIAL_HORARIOS!$C$2:$C$201<=$A14)*(HISTORIAL_HORARIOS!$D$2:$D$201>=$A14),0)),INDEX(IF($I14="FIN",PERSONAL!$J$2:$J$80,PERSONAL!$F$2:$F$80),MATCH($B14,PERSONAL!$A$2:$A$80,0)))))} | N14: {=IFERROR(INDEX(EXCEPCIONES_FECHA!$E$2:$E$201,MATCH(1,(EXCEPCIONES_FECHA!$A$2:$A$201=$A14)*(EXCEPCIONES_FECHA!$B$2:$B$201=$B14),0)),IFERROR(INDEX(EXCEPCIONES_FECHA!$E$2:$E$201,MATCH(1,(EXCEPCIONES_FECHA!$A$2:$A$201=$A14)*(EXCEPCIONES_FECHA!$B$2:$B$201=""),0)),IFERROR(INDEX(IF($I14="FIN",HISTORIAL_HORARIOS!$K$2:$K$201,HISTORIAL_HORARIOS!$G$2:$G$201),MATCH(1,(HISTORIAL_HORARIOS!$A$2:$A$201=$B14)*(HISTORIAL_HORARIOS!$C$2:$C$201<=$A14)*(HISTORIAL_HORARIOS!$D$2:$D$201>=$A14),0)),INDEX(IF($I14="FIN",PERSONAL!$K$2:$K$80,PERSONAL!$G$2:$G$80),MATCH($B14,PERSONAL!$A$2:$A$80,0)))))} | O14: {=IFERROR(INDEX(EXCEPCIONES_FECHA!$F$2:$F$201,MATCH(1,(EXCEPCIONES_FECHA!$A$2:$A$201=$A14)*(EXCEPCIONES_FECHA!$B$2:$B$201=$B14),0)),IFERROR(INDEX(EXCEPCIONES_FECHA!$F$2:$F$201,MATCH(1,(EXCEPCIONES_FECHA!$A$2:$A$201=$A14)*(EXCEPCIONES_FECHA!$B$2:$B$201=""),0)),IFERROR(INDEX(IF($I14="FIN",HISTORIAL_HORARIOS!$L$2:$L$201,HISTORIAL_HORARIOS!$H$2:$H$201),MATCH(1,(HISTORIAL_HORARIOS!$A$2:$A$201=$B14)*(HISTORIAL_HORARIOS!$C$2:$C$201<=$A14)*(HISTORIAL_HORARIOS!$D$2:$D$201>=$A14),0)),INDEX(IF($I14="FIN",PERSONAL!$L$2:$L$80,PERSONAL!$H$2:$H$80),MATCH($B14,PERSONAL!$A$2:$A$80,0)))))}
E15: {=IF($B15="","",IFERROR(INDEX(PERSONAL!$B$2:$B$80,MATCH($B15,PERSONAL!$A$2:$A$80,0)),"NO EXISTE"))} | F15: {=IF($B15="","",IFERROR(INDEX(PERSONAL!$C$2:$C$80,MATCH($B15,PERSONAL!$A$2:$A$80,0)),""))} | G15: =IF($A15="","",CHOOSE(WEEKDAY($A15,2),"LUNES","MARTES","MIÉRCOLES","JUEVES","VIERNES","SÁBADO","DOMINGO")) | H15: =IF($A15="","",CHOOSE(MONTH($A15),"ENERO","FEBRERO","MARZO","ABRIL","MAYO","JUNIO","JULIO","AGOSTO","SEPTIEMBRE","OCTUBRE","NOVIEMBRE","DICIEMBRE")) | I15: =IF($A15="","",IF(OR($G15="SÁBADO",$G15="DOMINGO"),"FIN","LV")) | J15: =IF(OR($A15="",$B15=""),"",IF($L15<>"",UPPER($L15),IF($C15="","FALTA",IFERROR(IF($C15>=$O15,"ROJO FUERTE",IF($C15>=$N15,"ROJO",IF($C15>=$M15,"AMARILLO","VERDE"))),"REVISAR")))) | K15: =IF(OR($C15="",$D15=""),"",IF($D15>=$C15,($D15-$C15)*24,(1-$C15+$D15)*24)) | M15: {=IFERROR(INDEX(EXCEPCIONES_FECHA!$D$2:$D$201,MATCH(1,(EXCEPCIONES_FECHA!$A$2:$A$201=$A15)*(EXCEPCIONES_FECHA!$B$2:$B$201=$B15),0)),IFERROR(INDEX(EXCEPCIONES_FECHA!$D$2:$D$201,MATCH(1,(EXCEPCIONES_FECHA!$A$2:$A$201=$A15)*(EXCEPCIONES_FECHA!$B$2:$B$201=""),0)),IFERROR(INDEX(IF($I15="FIN",HISTORIAL_HORARIOS!$J$2:$J$201,HISTORIAL_HORARIOS!$F$2:$F$201),MATCH(1,(HISTORIAL_HORARIOS!$A$2:$A$201=$B15)*(HISTORIAL_HORARIOS!$C$2:$C$201<=$A15)*(HISTORIAL_HORARIOS!$D$2:$D$201>=$A15),0)),INDEX(IF($I15="FIN",PERSONAL!$J$2:$J$80,PERSONAL!$F$2:$F$80),MATCH($B15,PERSONAL!$A$2:$A$80,0)))))} | N15: {=IFERROR(INDEX(EXCEPCIONES_FECHA!$E$2:$E$201,MATCH(1,(EXCEPCIONES_FECHA!$A$2:$A$201=$A15)*(EXCEPCIONES_FECHA!$B$2:$B$201=$B15),0)),IFERROR(INDEX(EXCEPCIONES_FECHA!$E$2:$E$201,MATCH(1,(EXCEPCIONES_FECHA!$A$2:$A$201=$A15)*(EXCEPCIONES_FECHA!$B$2:$B$201=""),0)),IFERROR(INDEX(IF($I15="FIN",HISTORIAL_HORARIOS!$K$2:$K$201,HISTORIAL_HORARIOS!$G$2:$G$201),MATCH(1,(HISTORIAL_HORARIOS!$A$2:$A$201=$B15)*(HISTORIAL_HORARIOS!$C$2:$C$201<=$A15)*(HISTORIAL_HORARIOS!$D$2:$D$201>=$A15),0)),INDEX(IF($I15="FIN",PERSONAL!$K$2:$K$80,PERSONAL!$G$2:$G$80),MATCH($B15,PERSONAL!$A$2:$A$80,0)))))} | O15: {=IFERROR(INDEX(EXCEPCIONES_FECHA!$F$2:$F$201,MATCH(1,(EXCEPCIONES_FECHA!$A$2:$A$201=$A15)*(EXCEPCIONES_FECHA!$B$2:$B$201=$B15),0)),IFERROR(INDEX(EXCEPCIONES_FECHA!$F$2:$F$201,MATCH(1,(EXCEPCIONES_FECHA!$A$2:$A$201=$A15)*(EXCEPCIONES_FECHA!$B$2:$B$201=""),0)),IFERROR(INDEX(IF($I15="FIN",HISTORIAL_HORARIOS!$L$2:$L$201,HISTORIAL_HORARIOS!$H$2:$H$201),MATCH(1,(HISTORIAL_HORARIOS!$A$2:$A$201=$B15)*(HISTORIAL_HORARIOS!$C$2:$C$201<=$A15)*(HISTORIAL_HORARIOS!$D$2:$D$201>=$A15),0)),INDEX(IF($I15="FIN",PERSONAL!$L$2:$L$80,PERSONAL!$H$2:$H$80),MATCH($B15,PERSONAL!$A$2:$A$80,0)))))}
E16: {=IF($B16="","",IFERROR(INDEX(PERSONAL!$B$2:$B$80,MATCH($B16,PERSONAL!$A$2:$A$80,0)),"NO EXISTE"))} | F16: {=IF($B16="","",IFERROR(INDEX(PERSONAL!$C$2:$C$80,MATCH($B16,PERSONAL!$A$2:$A$80,0)),""))} | G16: =IF($A16="","",CHOOSE(WEEKDAY($A16,2),"LUNES","MARTES","MIÉRCOLES","JUEVES","VIERNES","SÁBADO","DOMINGO")) | H16: =IF($A16="","",CHOOSE(MONTH($A16),"ENERO","FEBRERO","MARZO","ABRIL","MAYO","JUNIO","JULIO","AGOSTO","SEPTIEMBRE","OCTUBRE","NOVIEMBRE","DICIEMBRE")) | I16: =IF($A16="","",IF(OR($G16="SÁBADO",$G16="DOMINGO"),"FIN","LV")) | J16: =IF(OR($A16="",$B16=""),"",IF($L16<>"",UPPER($L16),IF($C16="","FALTA",IFERROR(IF($C16>=$O16,"ROJO FUERTE",IF($C16>=$N16,"ROJO",IF($C16>=$M16,"AMARILLO","VERDE"))),"REVISAR")))) | K16: =IF(OR($C16="",$D16=""),"",IF($D16>=$C16,($D16-$C16)*24,(1-$C16+$D16)*24)) | M16: {=IFERROR(INDEX(EXCEPCIONES_FECHA!$D$2:$D$201,MATCH(1,(EXCEPCIONES_FECHA!$A$2:$A$201=$A16)*(EXCEPCIONES_FECHA!$B$2:$B$201=$B16),0)),IFERROR(INDEX(EXCEPCIONES_FECHA!$D$2:$D$201,MATCH(1,(EXCEPCIONES_FECHA!$A$2:$A$201=$A16)*(EXCEPCIONES_FECHA!$B$2:$B$201=""),0)),IFERROR(INDEX(IF($I16="FIN",HISTORIAL_HORARIOS!$J$2:$J$201,HISTORIAL_HORARIOS!$F$2:$F$201),MATCH(1,(HISTORIAL_HORARIOS!$A$2:$A$201=$B16)*(HISTORIAL_HORARIOS!$C$2:$C$201<=$A16)*(HISTORIAL_HORARIOS!$D$2:$D$201>=$A16),0)),INDEX(IF($I16="FIN",PERSONAL!$J$2:$J$80,PERSONAL!$F$2:$F$80),MATCH($B16,PERSONAL!$A$2:$A$80,0)))))} | N16: {=IFERROR(INDEX(EXCEPCIONES_FECHA!$E$2:$E$201,MATCH(1,(EXCEPCIONES_FECHA!$A$2:$A$201=$A16)*(EXCEPCIONES_FECHA!$B$2:$B$201=$B16),0)),IFERROR(INDEX(EXCEPCIONES_FECHA!$E$2:$E$201,MATCH(1,(EXCEPCIONES_FECHA!$A$2:$A$201=$A16)*(EXCEPCIONES_FECHA!$B$2:$B$201=""),0)),IFERROR(INDEX(IF($I16="FIN",HISTORIAL_HORARIOS!$K$2:$K$201,HISTORIAL_HORARIOS!$G$2:$G$201),MATCH(1,(HISTORIAL_HORARIOS!$A$2:$A$201=$B16)*(HISTORIAL_HORARIOS!$C$2:$C$201<=$A16)*(HISTORIAL_HORARIOS!$D$2:$D$201>=$A16),0)),INDEX(IF($I16="FIN",PERSONAL!$K$2:$K$80,PERSONAL!$G$2:$G$80),MATCH($B16,PERSONAL!$A$2:$A$80,0)))))} | O16: {=IFERROR(INDEX(EXCEPCIONES_FECHA!$F$2:$F$201,MATCH(1,(EXCEPCIONES_FECHA!$A$2:$A$201=$A16)*(EXCEPCIONES_FECHA!$B$2:$B$201=$B16),0)),IFERROR(INDEX(EXCEPCIONES_FECHA!$F$2:$F$201,MATCH(1,(EXCEPCIONES_FECHA!$A$2:$A$201=$A16)*(EXCEPCIONES_FECHA!$B$2:$B$201=""),0)),IFERROR(INDEX(IF($I16="FIN",HISTORIAL_HORARIOS!$L$2:$L$201,HISTORIAL_HORARIOS!$H$2:$H$201),MATCH(1,(HISTORIAL_HORARIOS!$A$2:$A$201=$B16)*(HISTORIAL_HORARIOS!$C$2:$C$201<=$A16)*(HISTORIAL_HORARIOS!$D$2:$D$201>=$A16),0)),INDEX(IF($I16="FIN",PERSONAL!$L$2:$L$80,PERSONAL!$H$2:$H$80),MATCH($B16,PERSONAL!$A$2:$A$80,0)))))}
E17: {=IF($B17="","",IFERROR(INDEX(PERSONAL!$B$2:$B$80,MATCH($B17,PERSONAL!$A$2:$A$80,0)),"NO EXISTE"))} | F17: {=IF($B17="","",IFERROR(INDEX(PERSONAL!$C$2:$C$80,MATCH($B17,PERSONAL!$A$2:$A$80,0)),""))} | G17: =IF($A17="","",CHOOSE(WEEKDAY($A17,2),"LUNES","MARTES","MIÉRCOLES","JUEVES","VIERNES","SÁBADO","DOMINGO")) | H17: =IF($A17="","",CHOOSE(MONTH($A17),"ENERO","FEBRERO","MARZO","ABRIL","MAYO","JUNIO","JULIO","AGOSTO","SEPTIEMBRE","OCTUBRE","NOVIEMBRE","DICIEMBRE")) | I17: =IF($A17="","",IF(OR($G17="SÁBADO",$G17="DOMINGO"),"FIN","LV")) | J17: =IF(OR($A17="",$B17=""),"",IF($L17<>"",UPPER($L17),IF($C17="","FALTA",IFERROR(IF($C17>=$O17,"ROJO FUERTE",IF($C17>=$N17,"ROJO",IF($C17>=$M17,"AMARILLO","VERDE"))),"REVISAR")))) | K17: =IF(OR($C17="",$D17=""),"",IF($D17>=$C17,($D17-$C17)*24,(1-$C17+$D17)*24)) | M17: {=IFERROR(INDEX(EXCEPCIONES_FECHA!$D$2:$D$201,MATCH(1,(EXCEPCIONES_FECHA!$A$2:$A$201=$A17)*(EXCEPCIONES_FECHA!$B$2:$B$201=$B17),0)),IFERROR(INDEX(EXCEPCIONES_FECHA!$D$2:$D$201,MATCH(1,(EXCEPCIONES_FECHA!$A$2:$A$201=$A17)*(EXCEPCIONES_FECHA!$B$2:$B$201=""),0)),IFERROR(INDEX(IF($I17="FIN",HISTORIAL_HORARIOS!$J$2:$J$201,HISTORIAL_HORARIOS!$F$2:$F$201),MATCH(1,(HISTORIAL_HORARIOS!$A$2:$A$201=$B17)*(HISTORIAL_HORARIOS!$C$2:$C$201<=$A17)*(HISTORIAL_HORARIOS!$D$2:$D$201>=$A17),0)),INDEX(IF($I17="FIN",PERSONAL!$J$2:$J$80,PERSONAL!$F$2:$F$80),MATCH($B17,PERSONAL!$A$2:$A$80,0)))))} | N17: {=IFERROR(INDEX(EXCEPCIONES_FECHA!$E$2:$E$201,MATCH(1,(EXCEPCIONES_FECHA!$A$2:$A$201=$A17)*(EXCEPCIONES_FECHA!$B$2:$B$201=$B17),0)),IFERROR(INDEX(EXCEPCIONES_FECHA!$E$2:$E$201,MATCH(1,(EXCEPCIONES_FECHA!$A$2:$A$201=$A17)*(EXCEPCIONES_FECHA!$B$2:$B$201=""),0)),IFERROR(INDEX(IF($I17="FIN",HISTORIAL_HORARIOS!$K$2:$K$201,HISTORIAL_HORARIOS!$G$2:$G$201),MATCH(1,(HISTORIAL_HORARIOS!$A$2:$A$201=$B17)*(HISTORIAL_HORARIOS!$C$2:$C$201<=$A17)*(HISTORIAL_HORARIOS!$D$2:$D$201>=$A17),0)),INDEX(IF($I17="FIN",PERSONAL!$K$2:$K$80,PERSONAL!$G$2:$G$80),MATCH($B17,PERSONAL!$A$2:$A$80,0)))))} | O17: {=IFERROR(INDEX(EXCEPCIONES_FECHA!$F$2:$F$201,MATCH(1,(EXCEPCIONES_FECHA!$A$2:$A$201=$A17)*(EXCEPCIONES_FECHA!$B$2:$B$201=$B17),0)),IFERROR(INDEX(EXCEPCIONES_FECHA!$F$2:$F$201,MATCH(1,(EXCEPCIONES_FECHA!$A$2:$A$201=$A17)*(EXCEPCIONES_FECHA!$B$2:$B$201=""),0)),IFERROR(INDEX(IF($I17="FIN",HISTORIAL_HORARIOS!$L$2:$L$201,HISTORIAL_HORARIOS!$H$2:$H$201),MATCH(1,(HISTORIAL_HORARIOS!$A$2:$A$201=$B17)*(HISTORIAL_HORARIOS!$C$2:$C$201<=$A17)*(HISTORIAL_HORARIOS!$D$2:$D$201>=$A17),0)),INDEX(IF($I17="FIN",PERSONAL!$L$2:$L$80,PERSONAL!$H$2:$H$80),MATCH($B17,PERSONAL!$A$2:$A$80,0)))))}
E18: {=IF($B18="","",IFERROR(INDEX(PERSONAL!$B$2:$B$80,MATCH($B18,PERSONAL!$A$2:$A$80,0)),"NO EXISTE"))} | F18: {=IF($B18="","",IFERROR(INDEX(PERSONAL!$C$2:$C$80,MATCH($B18,PERSONAL!$A$2:$A$80,0)),""))} | G18: =IF($A18="","",CHOOSE(WEEKDAY($A18,2),"LUNES","MARTES","MIÉRCOLES","JUEVES","VIERNES","SÁBADO","DOMINGO")) | H18: =IF($A18="","",CHOOSE(MONTH($A18),"ENERO","FEBRERO","MARZO","ABRIL","MAYO","JUNIO","JULIO","AGOSTO","SEPTIEMBRE","OCTUBRE","NOVIEMBRE","DICIEMBRE")) | I18: =IF($A18="","",IF(OR($G18="SÁBADO",$G18="DOMINGO"),"FIN","LV")) | J18: =IF(OR($A18="",$B18=""),"",IF($L18<>"",UPPER($L18),IF($C18="","FALTA",IFERROR(IF($C18>=$O18,"ROJO FUERTE",IF($C18>=$N18,"ROJO",IF($C18>=$M18,"AMARILLO","VERDE"))),"REVISAR")))) | K18: =IF(OR($C18="",$D18=""),"",IF($D18>=$C18,($D18-$C18)*24,(1-$C18+$D18)*24)) | M18: {=IFERROR(INDEX(EXCEPCIONES_FECHA!$D$2:$D$201,MATCH(1,(EXCEPCIONES_FECHA!$A$2:$A$201=$A18)*(EXCEPCIONES_FECHA!$B$2:$B$201=$B18),0)),IFERROR(INDEX(EXCEPCIONES_FECHA!$D$2:$D$201,MATCH(1,(EXCEPCIONES_FECHA!$A$2:$A$201=$A18)*(EXCEPCIONES_FECHA!$B$2:$B$201=""),0)),IFERROR(INDEX(IF($I18="FIN",HISTORIAL_HORARIOS!$J$2:$J$201,HISTORIAL_HORARIOS!$F$2:$F$201),MATCH(1,(HISTORIAL_HORARIOS!$A$2:$A$201=$B18)*(HISTORIAL_HORARIOS!$C$2:$C$201<=$A18)*(HISTORIAL_HORARIOS!$D$2:$D$201>=$A18),0)),INDEX(IF($I18="FIN",PERSONAL!$J$2:$J$80,PERSONAL!$F$2:$F$80),MATCH($B18,PERSONAL!$A$2:$A$80,0)))))} | N18: {=IFERROR(INDEX(EXCEPCIONES_FECHA!$E$2:$E$201,MATCH(1,(EXCEPCIONES_FECHA!$A$2:$A$201=$A18)*(EXCEPCIONES_FECHA!$B$2:$B$201=$B18),0)),IFERROR(INDEX(EXCEPCIONES_FECHA!$E$2:$E$201,MATCH(1,(EXCEPCIONES_FECHA!$A$2:$A$201=$A18)*(EXCEPCIONES_FECHA!$B$2:$B$201=""),0)),IFERROR(INDEX(IF($I18="FIN",HISTORIAL_HORARIOS!$K$2:$K$201,HISTORIAL_HORARIOS!$G$2:$G$201),MATCH(1,(HISTORIAL_HORARIOS!$A$2:$A$201=$B18)*(HISTORIAL_HORARIOS!$C$2:$C$201<=$A18)*(HISTORIAL_HORARIOS!$D$2:$D$201>=$A18),0)),INDEX(IF($I18="FIN",PERSONAL!$K$2:$K$80,PERSONAL!$G$2:$G$80),MATCH($B18,PERSONAL!$A$2:$A$80,0)))))} | O18: {=IFERROR(INDEX(EXCEPCIONES_FECHA!$F$2:$F$201,MATCH(1,(EXCEPCIONES_FECHA!$A$2:$A$201=$A18)*(EXCEPCIONES_FECHA!$B$2:$B$201=$B18),0)),IFERROR(INDEX(EXCEPCIONES_FECHA!$F$2:$F$201,MATCH(1,(EXCEPCIONES_FECHA!$A$2:$A$201=$A18)*(EXCEPCIONES_FECHA!$B$2:$B$201=""),0)),IFERROR(INDEX(IF($I18="FIN",HISTORIAL_HORARIOS!$L$2:$L$201,HISTORIAL_HORARIOS!$H$2:$H$201),MATCH(1,(HISTORIAL_HORARIOS!$A$2:$A$201=$B18)*(HISTORIAL_HORARIOS!$C$2:$C$201<=$A18)*(HISTORIAL_HORARIOS!$D$2:$D$201>=$A18),0)),INDEX(IF($I18="FIN",PERSONAL!$L$2:$L$80,PERSONAL!$H$2:$H$80),MATCH($B18,PERSONAL!$A$2:$A$80,0)))))}
E19: {=IF($B19="","",IFERROR(INDEX(PERSONAL!$B$2:$B$80,MATCH($B19,PERSONAL!$A$2:$A$80,0)),"NO EXISTE"))} | F19: {=IF($B19="","",IFERROR(INDEX(PERSONAL!$C$2:$C$80,MATCH($B19,PERSONAL!$A$2:$A$80,0)),""))} | G19: =IF($A19="","",CHOOSE(WEEKDAY($A19,2),"LUNES","MARTES","MIÉRCOLES","JUEVES","VIERNES","SÁBADO","DOMINGO")) | H19: =IF($A19="","",CHOOSE(MONTH($A19),"ENERO","FEBRERO","MARZO","ABRIL","MAYO","JUNIO","JULIO","AGOSTO","SEPTIEMBRE","OCTUBRE","NOVIEMBRE","DICIEMBRE")) | I19: =IF($A19="","",IF(OR($G19="SÁBADO",$G19="DOMINGO"),"FIN","LV")) | J19: =IF(OR($A19="",$B19=""),"",IF($L19<>"",UPPER($L19),IF($C19="","FALTA",IFERROR(IF($C19>=$O19,"ROJO FUERTE",IF($C19>=$N19,"ROJO",IF($C19>=$M19,"AMARILLO","VERDE"))),"REVISAR")))) | K19: =IF(OR($C19="",$D19=""),"",IF($D19>=$C19,($D19-$C19)*24,(1-$C19+$D19)*24)) | M19: {=IFERROR(INDEX(EXCEPCIONES_FECHA!$D$2:$D$201,MATCH(1,(EXCEPCIONES_FECHA!$A$2:$A$201=$A19)*(EXCEPCIONES_FECHA!$B$2:$B$201=$B19),0)),IFERROR(INDEX(EXCEPCIONES_FECHA!$D$2:$D$201,MATCH(1,(EXCEPCIONES_FECHA!$A$2:$A$201=$A19)*(EXCEPCIONES_FECHA!$B$2:$B$201=""),0)),IFERROR(INDEX(IF($I19="FIN",HISTORIAL_HORARIOS!$J$2:$J$201,HISTORIAL_HORARIOS!$F$2:$F$201),MATCH(1,(HISTORIAL_HORARIOS!$A$2:$A$201=$B19)*(HISTORIAL_HORARIOS!$C$2:$C$201<=$A19)*(HISTORIAL_HORARIOS!$D$2:$D$201>=$A19),0)),INDEX(IF($I19="FIN",PERSONAL!$J$2:$J$80,PERSONAL!$F$2:$F$80),MATCH($B19,PERSONAL!$A$2:$A$80,0)))))} | N19: {=IFERROR(INDEX(EXCEPCIONES_FECHA!$E$2:$E$201,MATCH(1,(EXCEPCIONES_FECHA!$A$2:$A$201=$A19)*(EXCEPCIONES_FECHA!$B$2:$B$201=$B19),0)),IFERROR(INDEX(EXCEPCIONES_FECHA!$E$2:$E$201,MATCH(1,(EXCEPCIONES_FECHA!$A$2:$A$201=$A19)*(EXCEPCIONES_FECHA!$B$2:$B$201=""),0)),IFERROR(INDEX(IF($I19="FIN",HISTORIAL_HORARIOS!$K$2:$K$201,HISTORIAL_HORARIOS!$G$2:$G$201),MATCH(1,(HISTORIAL_HORARIOS!$A$2:$A$201=$B19)*(HISTORIAL_HORARIOS!$C$2:$C$201<=$A19)*(HISTORIAL_HORARIOS!$D$2:$D$201>=$A19),0)),INDEX(IF($I19="FIN",PERSONAL!$K$2:$K$80,PERSONAL!$G$2:$G$80),MATCH($B19,PERSONAL!$A$2:$A$80,0)))))} | O19: {=IFERROR(INDEX(EXCEPCIONES_FECHA!$F$2:$F$201,MATCH(1,(EXCEPCIONES_FECHA!$A$2:$A$201=$A19)*(EXCEPCIONES_FECHA!$B$2:$B$201=$B19),0)),IFERROR(INDEX(EXCEPCIONES_FECHA!$F$2:$F$201,MATCH(1,(EXCEPCIONES_FECHA!$A$2:$A$201=$A19)*(EXCEPCIONES_FECHA!$B$2:$B$201=""),0)),IFERROR(INDEX(IF($I19="FIN",HISTORIAL_HORARIOS!$L$2:$L$201,HISTORIAL_HORARIOS!$H$2:$H$201),MATCH(1,(HISTORIAL_HORARIOS!$A$2:$A$201=$B19)*(HISTORIAL_HORARIOS!$C$2:$C$201<=$A19)*(HISTORIAL_HORARIOS!$D$2:$D$201>=$A19),0)),INDEX(IF($I19="FIN",PERSONAL!$L$2:$L$80,PERSONAL!$H$2:$H$80),MATCH($B19,PERSONAL!$A$2:$A$80,0)))))}
E20: {=IF($B20="","",IFERROR(INDEX(PERSONAL!$B$2:$B$80,MATCH($B20,PERSONAL!$A$2:$A$80,0)),"NO EXISTE"))} | F20: {=IF($B20="","",IFERROR(INDEX(PERSONAL!$C$2:$C$80,MATCH($B20,PERSONAL!$A$2:$A$80,0)),""))} | G20: =IF($A20="","",CHOOSE(WEEKDAY($A20,2),"LUNES","MARTES","MIÉRCOLES","JUEVES","VIERNES","SÁBADO","DOMINGO")) | H20: =IF($A20="","",CHOOSE(MONTH($A20),"ENERO","FEBRERO","MARZO","ABRIL","MAYO","JUNIO","JULIO","AGOSTO","SEPTIEMBRE","OCTUBRE","NOVIEMBRE","DICIEMBRE")) | I20: =IF($A20="","",IF(OR($G20="SÁBADO",$G20="DOMINGO"),"FIN","LV")) | J20: =IF(OR($A20="",$B20=""),"",IF($L20<>"",UPPER($L20),IF($C20="","FALTA",IFERROR(IF($C20>=$O20,"ROJO FUERTE",IF($C20>=$N20,"ROJO",IF($C20>=$M20,"AMARILLO","VERDE"))),"REVISAR")))) | K20: =IF(OR($C20="",$D20=""),"",IF($D20>=$C20,($D20-$C20)*24,(1-$C20+$D20)*24)) | M20: {=IFERROR(INDEX(EXCEPCIONES_FECHA!$D$2:$D$201,MATCH(1,(EXCEPCIONES_FECHA!$A$2:$A$201=$A20)*(EXCEPCIONES_FECHA!$B$2:$B$201=$B20),0)),IFERROR(INDEX(EXCEPCIONES_FECHA!$D$2:$D$201,MATCH(1,(EXCEPCIONES_FECHA!$A$2:$A$201=$A20)*(EXCEPCIONES_FECHA!$B$2:$B$201=""),0)),IFERROR(INDEX(IF($I20="FIN",HISTORIAL_HORARIOS!$J$2:$J$201,HISTORIAL_HORARIOS!$F$2:$F$201),MATCH(1,(HISTORIAL_HORARIOS!$A$2:$A$201=$B20)*(HISTORIAL_HORARIOS!$C$2:$C$201<=$A20)*(HISTORIAL_HORARIOS!$D$2:$D$201>=$A20),0)),INDEX(IF($I20="FIN",PERSONAL!$J$2:$J$80,PERSONAL!$F$2:$F$80),MATCH($B20,PERSONAL!$A$2:$A$80,0)))))} | N20: {=IFERROR(INDEX(EXCEPCIONES_FECHA!$E$2:$E$201,MATCH(1,(EXCEPCIONES_FECHA!$A$2:$A$201=$A20)*(EXCEPCIONES_FECHA!$B$2:$B$201=$B20),0)),IFERROR(INDEX(EXCEPCIONES_FECHA!$E$2:$E$201,MATCH(1,(EXCEPCIONES_FECHA!$A$2:$A$201=$A20)*(EXCEPCIONES_FECHA!$B$2:$B$201=""),0)),IFERROR(INDEX(IF($I20="FIN",HISTORIAL_HORARIOS!$K$2:$K$201,HISTORIAL_HORARIOS!$G$2:$G$201),MATCH(1,(HISTORIAL_HORARIOS!$A$2:$A$201=$B20)*(HISTORIAL_HORARIOS!$C$2:$C$201<=$A20)*(HISTORIAL_HORARIOS!$D$2:$D$201>=$A20),0)),INDEX(IF($I20="FIN",PERSONAL!$K$2:$K$80,PERSONAL!$G$2:$G$80),MATCH($B20,PERSONAL!$A$2:$A$80,0)))))} | O20: {=IFERROR(INDEX(EXCEPCIONES_FECHA!$F$2:$F$201,MATCH(1,(EXCEPCIONES_FECHA!$A$2:$A$201=$A20)*(EXCEPCIONES_FECHA!$B$2:$B$201=$B20),0)),IFERROR(INDEX(EXCEPCIONES_FECHA!$F$2:$F$201,MATCH(1,(EXCEPCIONES_FECHA!$A$2:$A$201=$A20)*(EXCEPCIONES_FECHA!$B$2:$B$201=""),0)),IFERROR(INDEX(IF($I20="FIN",HISTORIAL_HORARIOS!$L$2:$L$201,HISTORIAL_HORARIOS!$H$2:$H$201),MATCH(1,(HISTORIAL_HORARIOS!$A$2:$A$201=$B20)*(HISTORIAL_HORARIOS!$C$2:$C$201<=$A20)*(HISTORIAL_HORARIOS!$D$2:$D$201>=$A20),0)),INDEX(IF($I20="FIN",PERSONAL!$L$2:$L$80,PERSONAL!$H$2:$H$80),MATCH($B20,PERSONAL!$A$2:$A$80,0)))))}
E21: {=IF($B21="","",IFERROR(INDEX(PERSONAL!$B$2:$B$80,MATCH($B21,PERSONAL!$A$2:$A$80,0)),"NO EXISTE"))} | F21: {=IF($B21="","",IFERROR(INDEX(PERSONAL!$C$2:$C$80,MATCH($B21,PERSONAL!$A$2:$A$80,0)),""))} | G21: =IF($A21="","",CHOOSE(WEEKDAY($A21,2),"LUNES","MARTES","MIÉRCOLES","JUEVES","VIERNES","SÁBADO","DOMINGO")) | H21: =IF($A21="","",CHOOSE(MONTH($A21),"ENERO","FEBRERO","MARZO","ABRIL","MAYO","JUNIO","JULIO","AGOSTO","SEPTIEMBRE","OCTUBRE","NOVIEMBRE","DICIEMBRE")) | I21: =IF($A21="","",IF(OR($G21="SÁBADO",$G21="DOMINGO"),"FIN","LV")) | J21: =IF(OR($A21="",$B21=""),"",IF($L21<>"",UPPER($L21),IF($C21="","FALTA",IFERROR(IF($C21>=$O21,"ROJO FUERTE",IF($C21>=$N21,"ROJO",IF($C21>=$M21,"AMARILLO","VERDE"))),"REVISAR")))) | K21: =IF(OR($C21="",$D21=""),"",IF($D21>=$C21,($D21-$C21)*24,(1-$C21+$D21)*24)) | M21: {=IFERROR(INDEX(EXCEPCIONES_FECHA!$D$2:$D$201,MATCH(1,(EXCEPCIONES_FECHA!$A$2:$A$201=$A21)*(EXCEPCIONES_FECHA!$B$2:$B$201=$B21),0)),IFERROR(INDEX(EXCEPCIONES_FECHA!$D$2:$D$201,MATCH(1,(EXCEPCIONES_FECHA!$A$2:$A$201=$A21)*(EXCEPCIONES_FECHA!$B$2:$B$201=""),0)),IFERROR(INDEX(IF($I21="FIN",HISTORIAL_HORARIOS!$J$2:$J$201,HISTORIAL_HORARIOS!$F$2:$F$201),MATCH(1,(HISTORIAL_HORARIOS!$A$2:$A$201=$B21)*(HISTORIAL_HORARIOS!$C$2:$C$201<=$A21)*(HISTORIAL_HORARIOS!$D$2:$D$201>=$A21),0)),INDEX(IF($I21="FIN",PERSONAL!$J$2:$J$80,PERSONAL!$F$2:$F$80),MATCH($B21,PERSONAL!$A$2:$A$80,0)))))} | N21: {=IFERROR(INDEX(EXCEPCIONES_FECHA!$E$2:$E$201,MATCH(1,(EXCEPCIONES_FECHA!$A$2:$A$201=$A21)*(EXCEPCIONES_FECHA!$B$2:$B$201=$B21),0)),IFERROR(INDEX(EXCEPCIONES_FECHA!$E$2:$E$201,MATCH(1,(EXCEPCIONES_FECHA!$A$2:$A$201=$A21)*(EXCEPCIONES_FECHA!$B$2:$B$201=""),0)),IFERROR(INDEX(IF($I21="FIN",HISTORIAL_HORARIOS!$K$2:$K$201,HISTORIAL_HORARIOS!$G$2:$G$201),MATCH(1,(HISTORIAL_HORARIOS!$A$2:$A$201=$B21)*(HISTORIAL_HORARIOS!$C$2:$C$201<=$A21)*(HISTORIAL_HORARIOS!$D$2:$D$201>=$A21),0)),INDEX(IF($I21="FIN",PERSONAL!$K$2:$K$80,PERSONAL!$G$2:$G$80),MATCH($B21,PERSONAL!$A$2:$A$80,0)))))} | O21: {=IFERROR(INDEX(EXCEPCIONES_FECHA!$F$2:$F$201,MATCH(1,(EXCEPCIONES_FECHA!$A$2:$A$201=$A21)*(EXCEPCIONES_FECHA!$B$2:$B$201=$B21),0)),IFERROR(INDEX(EXCEPCIONES_FECHA!$F$2:$F$201,MATCH(1,(EXCEPCIONES_FECHA!$A$2:$A$201=$A21)*(EXCEPCIONES_FECHA!$B$2:$B$201=""),0)),IFERROR(INDEX(IF($I21="FIN",HISTORIAL_HORARIOS!$L$2:$L$201,HISTORIAL_HORARIOS!$H$2:$H$201),MATCH(1,(HISTORIAL_HORARIOS!$A$2:$A$201=$B21)*(HISTORIAL_HORARIOS!$C$2:$C$201<=$A21)*(HISTORIAL_HORARIOS!$D$2:$D$201>=$A21),0)),INDEX(IF($I21="FIN",PERSONAL!$L$2:$L$80,PERSONAL!$H$2:$H$80),MATCH($B21,PERSONAL!$A$2:$A$80,0)))))}
... E999: {=IF($B999="","",IFERROR(INDEX(PERSONAL!$B$2:$B$80,MATCH($B999,PERSONAL!$A$2:$A$80,0)),"NO EXISTE"))} | F999: {=IF($B999="","",IFERROR(INDEX(PERSONAL!$C$2:$C$80,MATCH($B999,PERSONAL!$A$2:$A$80,0)),""))} | G999: =IF($A999="","",CHOOSE(WEEKDAY($A999,2),"LUNES","MARTES","MIÉRCOLES","JUEVES","VIERNES","SÁBADO","DOMINGO")) | H999: =IF($A999="","",CHOOSE(MONTH($A999),"ENERO","FEBRERO","MARZO","ABRIL","MAYO","JUNIO","JULIO","AGOSTO","SEPTIEMBRE","OCTUBRE","NOVIEMBRE","DICIEMBRE")) | I999: =IF($A999="","",IF(OR($G999="SÁBADO",$G999="DOMINGO"),"FIN","LV")) | J999: =IF(OR($A999="",$B999=""),"",IF($L999<>"",UPPER($L999),IF($C999="","FALTA",IFERROR(IF($C999>=$O999,"ROJO FUERTE",IF($C999>=$N999,"ROJO",IF($C999>=$M999,"AMARILLO","VERDE"))),"REVISAR")))) | K999: =IF(OR($C999="",$D999=""),"",IF($D999>=$C999,($D999-$C999)*24,(1-$C999+$D999)*24)) | M999: {=IFERROR(INDEX(EXCEPCIONES_FECHA!$D$2:$D$201,MATCH(1,(EXCEPCIONES_FECHA!$A$2:$A$201=$A999)*(EXCEPCIONES_FECHA!$B$2:$B$201=$B999),0)),IFERROR(INDEX(EXCEPCIONES_FECHA!$D$2:$D$201,MATCH(1,(EXCEPCIONES_FECHA!$A$2:$A$201=$A999)*(EXCEPCIONES_FECHA!$B$2:$B$201=""),0)),IFERROR(INDEX(IF($I999="FIN",HISTORIAL_HORARIOS!$J$2:$J$201,HISTORIAL_HORARIOS!$F$2:$F$201),MATCH(1,(HISTORIAL_HORARIOS!$A$2:$A$201=$B999)*(HISTORIAL_HORARIOS!$C$2:$C$201<=$A999)*(HISTORIAL_HORARIOS!$D$2:$D$201>=$A999),0)),INDEX(IF($I999="FIN",PERSONAL!$J$2:$J$80,PERSONAL!$F$2:$F$80),MATCH($B999,PERSONAL!$A$2:$A$80,0)))))} | N999: {=IFERROR(INDEX(EXCEPCIONES_FECHA!$E$2:$E$201,MATCH(1,(EXCEPCIONES_FECHA!$A$2:$A$201=$A999)*(EXCEPCIONES_FECHA!$B$2:$B$201=$B999),0)),IFERROR(INDEX(EXCEPCIONES_FECHA!$E$2:$E$201,MATCH(1,(EXCEPCIONES_FECHA!$A$2:$A$201=$A999)*(EXCEPCIONES_FECHA!$B$2:$B$201=""),0)),IFERROR(INDEX(IF($I999="FIN",HISTORIAL_HORARIOS!$K$2:$K$201,HISTORIAL_HORARIOS!$G$2:$G$201),MATCH(1,(HISTORIAL_HORARIOS!$A$2:$A$201=$B999)*(HISTORIAL_HORARIOS!$C$2:$C$201<=$A999)*(HISTORIAL_HORARIOS!$D$2:$D$201>=$A999),0)),INDEX(IF($I999="FIN",PERSONAL!$K$2:$K$80,PERSONAL!$G$2:$G$80),MATCH($B999,PERSONAL!$A$2:$A$80,0)))))} | O999: {=IFERROR(INDEX(EXCEPCIONES_FECHA!$F$2:$F$201,MATCH(1,(EXCEPCIONES_FECHA!$A$2:$A$201=$A999)*(EXCEPCIONES_FECHA!$B$2:$B$201=$B999),0)),IFERROR(INDEX(EXCEPCIONES_FECHA!$F$2:$F$201,MATCH(1,(EXCEPCIONES_FECHA!$A$2:$A$201=$A999)*(EXCEPCIONES_FECHA!$B$2:$B$201=""),0)),IFERROR(INDEX(IF($I999="FIN",HISTORIAL_HORARIOS!$L$2:$L$201,HISTORIAL_HORARIOS!$H$2:$H$201),MATCH(1,(HISTORIAL_HORARIOS!$A$2:$A$201=$B999)*(HISTORIAL_HORARIOS!$C$2:$C$201<=$A999)*(HISTORIAL_HORARIOS!$D$2:$D$201>=$A999),0)),INDEX(IF($I999="FIN",PERSONAL!$L$2:$L$80,PERSONAL!$H$2:$H$80),MATCH($B999,PERSONAL!$A$2:$A$80,0)))))}
A1000: Demo publico: datos ficticios anonimizados para portafolio. | E1000: {=IF($B1000="","",IFERROR(INDEX(PERSONAL!$B$2:$B$80,MATCH($B1000,PERSONAL!$A$2:$A$80,0)),"NO EXISTE"))} | F1000: {=IF($B1000="","",IFERROR(INDEX(PERSONAL!$C$2:$C$80,MATCH($B1000,PERSONAL!$A$2:$A$80,0)),""))} | G1000: =IF($A1000="","",CHOOSE(WEEKDAY($A1000,2),"LUNES","MARTES","MIÉRCOLES","JUEVES","VIERNES","SÁBADO","DOMINGO")) | H1000: =IF($A1000="","",CHOOSE(MONTH($A1000),"ENERO","FEBRERO","MARZO","ABRIL","MAYO","JUNIO","JULIO","AGOSTO","SEPTIEMBRE","OCTUBRE","NOVIEMBRE","DICIEMBRE")) | I1000: =IF($A1000="","",IF(OR($G1000="SÁBADO",$G1000="DOMINGO"),"FIN","LV")) | J1000: =IF(OR($A1000="",$B1000=""),"",IF($L1000<>"",UPPER($L1000),IF($C1000="","FALTA",IFERROR(IF($C1000>=$O1000,"ROJO FUERTE",IF($C1000>=$N1000,"ROJO",IF($C1000>=$M1000,"AMARILLO","VERDE"))),"REVISAR")))) | K1000: =IF(OR($C1000="",$D1000=""),"",IF($D1000>=$C1000,($D1000-$C1000)*24,(1-$C1000+$D1000)*24)) | M1000: {=IFERROR(INDEX(EXCEPCIONES_FECHA!$D$2:$D$201,MATCH(1,(EXCEPCIONES_FECHA!$A$2:$A$201=$A1000)*(EXCEPCIONES_FECHA!$B$2:$B$201=$B1000),0)),IFERROR(INDEX(EXCEPCIONES_FECHA!$D$2:$D$201,MATCH(1,(EXCEPCIONES_FECHA!$A$2:$A$201=$A1000)*(EXCEPCIONES_FECHA!$B$2:$B$201=""),0)),IFERROR(INDEX(IF($I1000="FIN",HISTORIAL_HORARIOS!$J$2:$J$201,HISTORIAL_HORARIOS!$F$2:$F$201),MATCH(1,(HISTORIAL_HORARIOS!$A$2:$A$201=$B1000)*(HISTORIAL_HORARIOS!$C$2:$C$201<=$A1000)*(HISTORIAL_HORARIOS!$D$2:$D$201>=$A1000),0)),INDEX(IF($I1000="FIN",PERSONAL!$J$2:$J$80,PERSONAL!$F$2:$F$80),MATCH($B1000,PERSONAL!$A$2:$A$80,0)))))} | N1000: {=IFERROR(INDEX(EXCEPCIONES_FECHA!$E$2:$E$201,MATCH(1,(EXCEPCIONES_FECHA!$A$2:$A$201=$A1000)*(EXCEPCIONES_FECHA!$B$2:$B$201=$B1000),0)),IFERROR(INDEX(EXCEPCIONES_FECHA!$E$2:$E$201,MATCH(1,(EXCEPCIONES_FECHA!$A$2:$A$201=$A1000)*(EXCEPCIONES_FECHA!$B$2:$B$201=""),0)),IFERROR(INDEX(IF($I1000="FIN",HISTORIAL_HORARIOS!$K$2:$K$201,HISTORIAL_HORARIOS!$G$2:$G$201),MATCH(1,(HISTORIAL_HORARIOS!$A$2:$A$201=$B1000)*(HISTORIAL_HORARIOS!$C$2:$C$201<=$A1000)*(HISTORIAL_HORARIOS!$D$2:$D$201>=$A1000),0)),INDEX(IF($I1000="FIN",PERSONAL!$K$2:$K$80,PERSONAL!$G$2:$G$80),MATCH($B1000,PERSONAL!$A$2:$A$80,0)))))} | O1000: {=IFERROR(INDEX(EXCEPCIONES_FECHA!$F$2:$F$201,MATCH(1,(EXCEPCIONES_FECHA!$A$2:$A$201=$A1000)*(EXCEPCIONES_FECHA!$B$2:$B$201=$B1000),0)),IFERROR(INDEX(EXCEPCIONES_FECHA!$F$2:$F$201,MATCH(1,(EXCEPCIONES_FECHA!$A$2:$A$201=$A1000)*(EXCEPCIONES_FECHA!$B$2:$B$201=""),0)),IFERROR(INDEX(IF($I1000="FIN",HISTORIAL_HORARIOS!$L$2:$L$201,HISTORIAL_HORARIOS!$H$2:$H$201),MATCH(1,(HISTORIAL_HORARIOS!$A$2:$A$201=$B1000)*(HISTORIAL_HORARIOS!$C$2:$C$201<=$A1000)*(HISTORIAL_HORARIOS!$D$2:$D$201>=$A1000),0)),INDEX(IF($I1000="FIN",PERSONAL!$L$2:$L$80,PERSONAL!$H$2:$H$80),MATCH($B1000,PERSONAL!$A$2:$A$80,0)))))}
E1001: {=IF($B1001="","",IFERROR(INDEX(PERSONAL!$B$2:$B$80,MATCH($B1001,PERSONAL!$A$2:$A$80,0)),"NO EXISTE"))} | F1001: {=IF($B1001="","",IFERROR(INDEX(PERSONAL!$C$2:$C$80,MATCH($B1001,PERSONAL!$A$2:$A$80,0)),""))} | G1001: =IF($A1001="","",CHOOSE(WEEKDAY($A1001,2),"LUNES","MARTES","MIÉRCOLES","JUEVES","VIERNES","SÁBADO","DOMINGO")) | H1001: =IF($A1001="","",CHOOSE(MONTH($A1001),"ENERO","FEBRERO","MARZO","ABRIL","MAYO","JUNIO","JULIO","AGOSTO","SEPTIEMBRE","OCTUBRE","NOVIEMBRE","DICIEMBRE")) | I1001: =IF($A1001="","",IF(OR($G1001="SÁBADO",$G1001="DOMINGO"),"FIN","LV")) | J1001: =IF(OR($A1001="",$B1001=""),"",IF($L1001<>"",UPPER($L1001),IF($C1001="","FALTA",IFERROR(IF($C1001>=$O1001,"ROJO FUERTE",IF($C1001>=$N1001,"ROJO",IF($C1001>=$M1001,"AMARILLO","VERDE"))),"REVISAR")))) | K1001: =IF(OR($C1001="",$D1001=""),"",IF($D1001>=$C1001,($D1001-$C1001)*24,(1-$C1001+$D1001)*24)) | M1001: {=IFERROR(INDEX(EXCEPCIONES_FECHA!$D$2:$D$201,MATCH(1,(EXCEPCIONES_FECHA!$A$2:$A$201=$A1001)*(EXCEPCIONES_FECHA!$B$2:$B$201=$B1001),0)),IFERROR(INDEX(EXCEPCIONES_FECHA!$D$2:$D$201,MATCH(1,(EXCEPCIONES_FECHA!$A$2:$A$201=$A1001)*(EXCEPCIONES_FECHA!$B$2:$B$201=""),0)),IFERROR(INDEX(IF($I1001="FIN",HISTORIAL_HORARIOS!$J$2:$J$201,HISTORIAL_HORARIOS!$F$2:$F$201),MATCH(1,(HISTORIAL_HORARIOS!$A$2:$A$201=$B1001)*(HISTORIAL_HORARIOS!$C$2:$C$201<=$A1001)*(HISTORIAL_HORARIOS!$D$2:$D$201>=$A1001),0)),INDEX(IF($I1001="FIN",PERSONAL!$J$2:$J$80,PERSONAL!$F$2:$F$80),MATCH($B1001,PERSONAL!$A$2:$A$80,0)))))} | N1001: {=IFERROR(INDEX(EXCEPCIONES_FECHA!$E$2:$E$201,MATCH(1,(EXCEPCIONES_FECHA!$A$2:$A$201=$A1001)*(EXCEPCIONES_FECHA!$B$2:$B$201=$B1001),0)),IFERROR(INDEX(EXCEPCIONES_FECHA!$E$2:$E$201,MATCH(1,(EXCEPCIONES_FECHA!$A$2:$A$201=$A1001)*(EXCEPCIONES_FECHA!$B$2:$B$201=""),0)),IFERROR(INDEX(IF($I1001="FIN",HISTORIAL_HORARIOS!$K$2:$K$201,HISTORIAL_HORARIOS!$G$2:$G$201),MATCH(1,(HISTORIAL_HORARIOS!$A$2:$A$201=$B1001)*(HISTORIAL_HORARIOS!$C$2:$C$201<=$A1001)*(HISTORIAL_HORARIOS!$D$2:$D$201>=$A1001),0)),INDEX(IF($I1001="FIN",PERSONAL!$K$2:$K$80,PERSONAL!$G$2:$G$80),MATCH($B1001,PERSONAL!$A$2:$A$80,0)))))} | O1001: {=IFERROR(INDEX(EXCEPCIONES_FECHA!$F$2:$F$201,MATCH(1,(EXCEPCIONES_FECHA!$A$2:$A$201=$A1001)*(EXCEPCIONES_FECHA!$B$2:$B$201=$B1001),0)),IFERROR(INDEX(EXCEPCIONES_FECHA!$F$2:$F$201,MATCH(1,(EXCEPCIONES_FECHA!$A$2:$A$201=$A1001)*(EXCEPCIONES_FECHA!$B$2:$B$201=""),0)),IFERROR(INDEX(IF($I1001="FIN",HISTORIAL_HORARIOS!$L$2:$L$201,HISTORIAL_HORARIOS!$H$2:$H$201),MATCH(1,(HISTORIAL_HORARIOS!$A$2:$A$201=$B1001)*(HISTORIAL_HORARIOS!$C$2:$C$201<=$A1001)*(HISTORIAL_HORARIOS!$D$2:$D$201>=$A1001),0)),INDEX(IF($I1001="FIN",PERSONAL!$L$2:$L$80,PERSONAL!$H$2:$H$80),MATCH($B1001,PERSONAL!$A$2:$A$80,0)))))}
E1002: {=IF($B1002="","",IFERROR(INDEX(PERSONAL!$B$2:$B$80,MATCH($B1002,PERSONAL!$A$2:$A$80,0)),"NO EXISTE"))} | F1002: {=IF($B1002="","",IFERROR(INDEX(PERSONAL!$C$2:$C$80,MATCH($B1002,PERSONAL!$A$2:$A$80,0)),""))} | G1002: =IF($A1002="","",CHOOSE(WEEKDAY($A1002,2),"LUNES","MARTES","MIÉRCOLES","JUEVES","VIERNES","SÁBADO","DOMINGO")) | H1002: =IF($A1002="","",CHOOSE(MONTH($A1002),"ENERO","FEBRERO","MARZO","ABRIL","MAYO","JUNIO","JULIO","AGOSTO","SEPTIEMBRE","OCTUBRE","NOVIEMBRE","DICIEMBRE")) | I1002: =IF($A1002="","",IF(OR($G1002="SÁBADO",$G1002="DOMINGO"),"FIN","LV")) | J1002: =IF(OR($A1002="",$B1002=""),"",IF($L1002<>"",UPPER($L1002),IF($C1002="","FALTA",IFERROR(IF($C1002>=$O1002,"ROJO FUERTE",IF($C1002>=$N1002,"ROJO",IF($C1002>=$M1002,"AMARILLO","VERDE"))),"REVISAR")))) | K1002: =IF(OR($C1002="",$D1002=""),"",IF($D1002>=$C1002,($D1002-$C1002)*24,(1-$C1002+$D1002)*24)) | M1002: {=IFERROR(INDEX(EXCEPCIONES_FECHA!$D$2:$D$201,MATCH(1,(EXCEPCIONES_FECHA!$A$2:$A$201=$A1002)*(EXCEPCIONES_FECHA!$B$2:$B$201=$B1002),0)),IFERROR(INDEX(EXCEPCIONES_FECHA!$D$2:$D$201,MATCH(1,(EXCEPCIONES_FECHA!$A$2:$A$201=$A1002)*(EXCEPCIONES_FECHA!$B$2:$B$201=""),0)),IFERROR(INDEX(IF($I1002="FIN",HISTORIAL_HORARIOS!$J$2:$J$201,HISTORIAL_HORARIOS!$F$2:$F$201),MATCH(1,(HISTORIAL_HORARIOS!$A$2:$A$201=$B1002)*(HISTORIAL_HORARIOS!$C$2:$C$201<=$A1002)*(HISTORIAL_HORARIOS!$D$2:$D$201>=$A1002),0)),INDEX(IF($I1002="FIN",PERSONAL!$J$2:$J$80,PERSONAL!$F$2:$F$80),MATCH($B1002,PERSONAL!$A$2:$A$80,0)))))} | N1002: {=IFERROR(INDEX(EXCEPCIONES_FECHA!$E$2:$E$201,MATCH(1,(EXCEPCIONES_FECHA!$A$2:$A$201=$A1002)*(EXCEPCIONES_FECHA!$B$2:$B$201=$B1002),0)),IFERROR(INDEX(EXCEPCIONES_FECHA!$E$2:$E$201,MATCH(1,(EXCEPCIONES_FECHA!$A$2:$A$201=$A1002)*(EXCEPCIONES_FECHA!$B$2:$B$201=""),0)),IFERROR(INDEX(IF($I1002="FIN",HISTORIAL_HORARIOS!$K$2:$K$201,HISTORIAL_HORARIOS!$G$2:$G$201),MATCH(1,(HISTORIAL_HORARIOS!$A$2:$A$201=$B1002)*(HISTORIAL_HORARIOS!$C$2:$C$201<=$A1002)*(HISTORIAL_HORARIOS!$D$2:$D$201>=$A1002),0)),INDEX(IF($I1002="FIN",PERSONAL!$K$2:$K$80,PERSONAL!$G$2:$G$80),MATCH($B1002,PERSONAL!$A$2:$A$80,0)))))} | O1002: {=IFERROR(INDEX(EXCEPCIONES_FECHA!$F$2:$F$201,MATCH(1,(EXCEPCIONES_FECHA!$A$2:$A$201=$A1002)*(EXCEPCIONES_FECHA!$B$2:$B$201=$B1002),0)),IFERROR(INDEX(EXCEPCIONES_FECHA!$F$2:$F$201,MATCH(1,(EXCEPCIONES_FECHA!$A$2:$A$201=$A1002)*(EXCEPCIONES_FECHA!$B$2:$B$201=""),0)),IFERROR(INDEX(IF($I1002="FIN",HISTORIAL_HORARIOS!$L$2:$L$201,HISTORIAL_HORARIOS!$H$2:$H$201),MATCH(1,(HISTORIAL_HORARIOS!$A$2:$A$201=$B1002)*(HISTORIAL_HORARIOS!$C$2:$C$201<=$A1002)*(HISTORIAL_HORARIOS!$D$2:$D$201>=$A1002),0)),INDEX(IF($I1002="FIN",PERSONAL!$L$2:$L$80,PERSONAL!$H$2:$H$80),MATCH($B1002,PERSONAL!$A$2:$A$80,0)))))}
E1003: {=IF($B1003="","",IFERROR(INDEX(PERSONAL!$B$2:$B$80,MATCH($B1003,PERSONAL!$A$2:$A$80,0)),"NO EXISTE"))} | F1003: {=IF($B1003="","",IFERROR(INDEX(PERSONAL!$C$2:$C$80,MATCH($B1003,PERSONAL!$A$2:$A$80,0)),""))} | G1003: =IF($A1003="","",CHOOSE(WEEKDAY($A1003,2),"LUNES","MARTES","MIÉRCOLES","JUEVES","VIERNES","SÁBADO","DOMINGO")) | H1003: =IF($A1003="","",CHOOSE(MONTH($A1003),"ENERO","FEBRERO","MARZO","ABRIL","MAYO","JUNIO","JULIO","AGOSTO","SEPTIEMBRE","OCTUBRE","NOVIEMBRE","DICIEMBRE")) | I1003: =IF($A1003="","",IF(OR($G1003="SÁBADO",$G1003="DOMINGO"),"FIN","LV")) | J1003: =IF(OR($A1003="",$B1003=""),"",IF($L1003<>"",UPPER($L1003),IF($C1003="","FALTA",IFERROR(IF($C1003>=$O1003,"ROJO FUERTE",IF($C1003>=$N1003,"ROJO",IF($C1003>=$M1003,"AMARILLO","VERDE"))),"REVISAR")))) | K1003: =IF(OR($C1003="",$D1003=""),"",IF($D1003>=$C1003,($D1003-$C1003)*24,(1-$C1003+$D1003)*24)) | M1003: {=IFERROR(INDEX(EXCEPCIONES_FECHA!$D$2:$D$201,MATCH(1,(EXCEPCIONES_FECHA!$A$2:$A$201=$A1003)*(EXCEPCIONES_FECHA!$B$2:$B$201=$B1003),0)),IFERROR(INDEX(EXCEPCIONES_FECHA!$D$2:$D$201,MATCH(1,(EXCEPCIONES_FECHA!$A$2:$A$201=$A1003)*(EXCEPCIONES_FECHA!$B$2:$B$201=""),0)),IFERROR(INDEX(IF($I1003="FIN",HISTORIAL_HORARIOS!$J$2:$J$201,HISTORIAL_HORARIOS!$F$2:$F$201),MATCH(1,(HISTORIAL_HORARIOS!$A$2:$A$201=$B1003)*(HISTORIAL_HORARIOS!$C$2:$C$201<=$A1003)*(HISTORIAL_HORARIOS!$D$2:$D$201>=$A1003),0)),INDEX(IF($I1003="FIN",PERSONAL!$J$2:$J$80,PERSONAL!$F$2:$F$80),MATCH($B1003,PERSONAL!$A$2:$A$80,0)))))} | N1003: {=IFERROR(INDEX(EXCEPCIONES_FECHA!$E$2:$E$201,MATCH(1,(EXCEPCIONES_FECHA!$A$2:$A$201=$A1003)*(EXCEPCIONES_FECHA!$B$2:$B$201=$B1003),0)),IFERROR(INDEX(EXCEPCIONES_FECHA!$E$2:$E$201,MATCH(1,(EXCEPCIONES_FECHA!$A$2:$A$201=$A1003)*(EXCEPCIONES_FECHA!$B$2:$B$201=""),0)),IFERROR(INDEX(IF($I1003="FIN",HISTORIAL_HORARIOS!$K$2:$K$201,HISTORIAL_HORARIOS!$G$2:$G$201),MATCH(1,(HISTORIAL_HORARIOS!$A$2:$A$201=$B1003)*(HISTORIAL_HORARIOS!$C$2:$C$201<=$A1003)*(HISTORIAL_HORARIOS!$D$2:$D$201>=$A1003),0)),INDEX(IF($I1003="FIN",PERSONAL!$K$2:$K$80,PERSONAL!$G$2:$G$80),MATCH($B1003,PERSONAL!$A$2:$A$80,0)))))} | O1003: {=IFERROR(INDEX(EXCEPCIONES_FECHA!$F$2:$F$201,MATCH(1,(EXCEPCIONES_FECHA!$A$2:$A$201=$A1003)*(EXCEPCIONES_FECHA!$B$2:$B$201=$B1003),0)),IFERROR(INDEX(EXCEPCIONES_FECHA!$F$2:$F$201,MATCH(1,(EXCEPCIONES_FECHA!$A$2:$A$201=$A1003)*(EXCEPCIONES_FECHA!$B$2:$B$201=""),0)),IFERROR(INDEX(IF($I1003="FIN",HISTORIAL_HORARIOS!$L$2:$L$201,HISTORIAL_HORARIOS!$H$2:$H$201),MATCH(1,(HISTORIAL_HORARIOS!$A$2:$A$201=$B1003)*(HISTORIAL_HORARIOS!$C$2:$C$201<=$A1003)*(HISTORIAL_HORARIOS!$D$2:$D$201>=$A1003),0)),INDEX(IF($I1003="FIN",PERSONAL!$L$2:$L$80,PERSONAL!$H$2:$H$80),MATCH($B1003,PERSONAL!$A$2:$A$80,0)))))}
E1004: {=IF($B1004="","",IFERROR(INDEX(PERSONAL!$B$2:$B$80,MATCH($B1004,PERSONAL!$A$2:$A$80,0)),"NO EXISTE"))} | F1004: {=IF($B1004="","",IFERROR(INDEX(PERSONAL!$C$2:$C$80,MATCH($B1004,PERSONAL!$A$2:$A$80,0)),""))} | G1004: =IF($A1004="","",CHOOSE(WEEKDAY($A1004,2),"LUNES","MARTES","MIÉRCOLES","JUEVES","VIERNES","SÁBADO","DOMINGO")) | H1004: =IF($A1004="","",CHOOSE(MONTH($A1004),"ENERO","FEBRERO","MARZO","ABRIL","MAYO","JUNIO","JULIO","AGOSTO","SEPTIEMBRE","OCTUBRE","NOVIEMBRE","DICIEMBRE")) | I1004: =IF($A1004="","",IF(OR($G1004="SÁBADO",$G1004="DOMINGO"),"FIN","LV")) | J1004: =IF(OR($A1004="",$B1004=""),"",IF($L1004<>"",UPPER($L1004),IF($C1004="","FALTA",IFERROR(IF($C1004>=$O1004,"ROJO FUERTE",IF($C1004>=$N1004,"ROJO",IF($C1004>=$M1004,"AMARILLO","VERDE"))),"REVISAR")))) | K1004: =IF(OR($C1004="",$D1004=""),"",IF($D1004>=$C1004,($D1004-$C1004)*24,(1-$C1004+$D1004)*24)) | M1004: {=IFERROR(INDEX(EXCEPCIONES_FECHA!$D$2:$D$201,MATCH(1,(EXCEPCIONES_FECHA!$A$2:$A$201=$A1004)*(EXCEPCIONES_FECHA!$B$2:$B$201=$B1004),0)),IFERROR(INDEX(EXCEPCIONES_FECHA!$D$2:$D$201,MATCH(1,(EXCEPCIONES_FECHA!$A$2:$A$201=$A1004)*(EXCEPCIONES_FECHA!$B$2:$B$201=""),0)),IFERROR(INDEX(IF($I1004="FIN",HISTORIAL_HORARIOS!$J$2:$J$201,HISTORIAL_HORARIOS!$F$2:$F$201),MATCH(1,(HISTORIAL_HORARIOS!$A$2:$A$201=$B1004)*(HISTORIAL_HORARIOS!$C$2:$C$201<=$A1004)*(HISTORIAL_HORARIOS!$D$2:$D$201>=$A1004),0)),INDEX(IF($I1004="FIN",PERSONAL!$J$2:$J$80,PERSONAL!$F$2:$F$80),MATCH($B1004,PERSONAL!$A$2:$A$80,0)))))} | N1004: {=IFERROR(INDEX(EXCEPCIONES_FECHA!$E$2:$E$201,MATCH(1,(EXCEPCIONES_FECHA!$A$2:$A$201=$A1004)*(EXCEPCIONES_FECHA!$B$2:$B$201=$B1004),0)),IFERROR(INDEX(EXCEPCIONES_FECHA!$E$2:$E$201,MATCH(1,(EXCEPCIONES_FECHA!$A$2:$A$201=$A1004)*(EXCEPCIONES_FECHA!$B$2:$B$201=""),0)),IFERROR(INDEX(IF($I1004="FIN",HISTORIAL_HORARIOS!$K$2:$K$201,HISTORIAL_HORARIOS!$G$2:$G$201),MATCH(1,(HISTORIAL_HORARIOS!$A$2:$A$201=$B1004)*(HISTORIAL_HORARIOS!$C$2:$C$201<=$A1004)*(HISTORIAL_HORARIOS!$D$2:$D$201>=$A1004),0)),INDEX(IF($I1004="FIN",PERSONAL!$K$2:$K$80,PERSONAL!$G$2:$G$80),MATCH($B1004,PERSONAL!$A$2:$A$80,0)))))} | O1004: {=IFERROR(INDEX(EXCEPCIONES_FECHA!$F$2:$F$201,MATCH(1,(EXCEPCIONES_FECHA!$A$2:$A$201=$A1004)*(EXCEPCIONES_FECHA!$B$2:$B$201=$B1004),0)),IFERROR(INDEX(EXCEPCIONES_FECHA!$F$2:$F$201,MATCH(1,(EXCEPCIONES_FECHA!$A$2:$A$201=$A1004)*(EXCEPCIONES_FECHA!$B$2:$B$201=""),0)),IFERROR(INDEX(IF($I1004="FIN",HISTORIAL_HORARIOS!$L$2:$L$201,HISTORIAL_HORARIOS!$H$2:$H$201),MATCH(1,(HISTORIAL_HORARIOS!$A$2:$A$201=$B1004)*(HISTORIAL_HORARIOS!$C$2:$C$201<=$A1004)*(HISTORIAL_HORARIOS!$D$2:$D$201>=$A1004),0)),INDEX(IF($I1004="FIN",PERSONAL!$L$2:$L$80,PERSONAL!$H$2:$H$80),MATCH($B1004,PERSONAL!$A$2:$A$80,0)))))}
E1005: {=IF($B1005="","",IFERROR(INDEX(PERSONAL!$B$2:$B$80,MATCH($B1005,PERSONAL!$A$2:$A$80,0)),"NO EXISTE"))} | F1005: {=IF($B1005="","",IFERROR(INDEX(PERSONAL!$C$2:$C$80,MATCH($B1005,PERSONAL!$A$2:$A$80,0)),""))} | G1005: =IF($A1005="","",CHOOSE(WEEKDAY($A1005,2),"LUNES","MARTES","MIÉRCOLES","JUEVES","VIERNES","SÁBADO","DOMINGO")) | H1005: =IF($A1005="","",CHOOSE(MONTH($A1005),"ENERO","FEBRERO","MARZO","ABRIL","MAYO","JUNIO","JULIO","AGOSTO","SEPTIEMBRE","OCTUBRE","NOVIEMBRE","DICIEMBRE")) | I1005: =IF($A1005="","",IF(OR($G1005="SÁBADO",$G1005="DOMINGO"),"FIN","LV")) | J1005: =IF(OR($A1005="",$B1005=""),"",IF($L1005<>"",UPPER($L1005),IF($C1005="","FALTA",IFERROR(IF($C1005>=$O1005,"ROJO FUERTE",IF($C1005>=$N1005,"ROJO",IF($C1005>=$M1005,"AMARILLO","VERDE"))),"REVISAR")))) | K1005: =IF(OR($C1005="",$D1005=""),"",IF($D1005>=$C1005,($D1005-$C1005)*24,(1-$C1005+$D1005)*24)) | M1005: {=IFERROR(INDEX(EXCEPCIONES_FECHA!$D$2:$D$201,MATCH(1,(EXCEPCIONES_FECHA!$A$2:$A$201=$A1005)*(EXCEPCIONES_FECHA!$B$2:$B$201=$B1005),0)),IFERROR(INDEX(EXCEPCIONES_FECHA!$D$2:$D$201,MATCH(1,(EXCEPCIONES_FECHA!$A$2:$A$201=$A1005)*(EXCEPCIONES_FECHA!$B$2:$B$201=""),0)),IFERROR(INDEX(IF($I1005="FIN",HISTORIAL_HORARIOS!$J$2:$J$201,HISTORIAL_HORARIOS!$F$2:$F$201),MATCH(1,(HISTORIAL_HORARIOS!$A$2:$A$201=$B1005)*(HISTORIAL_HORARIOS!$C$2:$C$201<=$A1005)*(HISTORIAL_HORARIOS!$D$2:$D$201>=$A1005),0)),INDEX(IF($I1005="FIN",PERSONAL!$J$2:$J$80,PERSONAL!$F$2:$F$80),MATCH($B1005,PERSONAL!$A$2:$A$80,0)))))} | N1005: {=IFERROR(INDEX(EXCEPCIONES_FECHA!$E$2:$E$201,MATCH(1,(EXCEPCIONES_FECHA!$A$2:$A$201=$A1005)*(EXCEPCIONES_FECHA!$B$2:$B$201=$B1005),0)),IFERROR(INDEX(EXCEPCIONES_FECHA!$E$2:$E$201,MATCH(1,(EXCEPCIONES_FECHA!$A$2:$A$201=$A1005)*(EXCEPCIONES_FECHA!$B$2:$B$201=""),0)),IFERROR(INDEX(IF($I1005="FIN",HISTORIAL_HORARIOS!$K$2:$K$201,HISTORIAL_HORARIOS!$G$2:$G$201),MATCH(1,(HISTORIAL_HORARIOS!$A$2:$A$201=$B1005)*(HISTORIAL_HORARIOS!$C$2:$C$201<=$A1005)*(HISTORIAL_HORARIOS!$D$2:$D$201>=$A1005),0)),INDEX(IF($I1005="FIN",PERSONAL!$K$2:$K$80,PERSONAL!$G$2:$G$80),MATCH($B1005,PERSONAL!$A$2:$A$80,0)))))} | O1005: {=IFERROR(INDEX(EXCEPCIONES_FECHA!$F$2:$F$201,MATCH(1,(EXCEPCIONES_FECHA!$A$2:$A$201=$A1005)*(EXCEPCIONES_FECHA!$B$2:$B$201=$B1005),0)),IFERROR(INDEX(EXCEPCIONES_FECHA!$F$2:$F$201,MATCH(1,(EXCEPCIONES_FECHA!$A$2:$A$201=$A1005)*(EXCEPCIONES_FECHA!$B$2:$B$201=""),0)),IFERROR(INDEX(IF($I1005="FIN",HISTORIAL_HORARIOS!$L$2:$L$201,HISTORIAL_HORARIOS!$H$2:$H$201),MATCH(1,(HISTORIAL_HORARIOS!$A$2:$A$201=$B1005)*(HISTORIAL_HORARIOS!$C$2:$C$201<=$A1005)*(HISTORIAL_HORARIOS!$D$2:$D$201>=$A1005),0)),INDEX(IF($I1005="FIN",PERSONAL!$L$2:$L$80,PERSONAL!$H$2:$H$80),MATCH($B1005,PERSONAL!$A$2:$A$80,0)))))}
E1006: {=IF($B1006="","",IFERROR(INDEX(PERSONAL!$B$2:$B$80,MATCH($B1006,PERSONAL!$A$2:$A$80,0)),"NO EXISTE"))} | F1006: {=IF($B1006="","",IFERROR(INDEX(PERSONAL!$C$2:$C$80,MATCH($B1006,PERSONAL!$A$2:$A$80,0)),""))} | G1006: =IF($A1006="","",CHOOSE(WEEKDAY($A1006,2),"LUNES","MARTES","MIÉRCOLES","JUEVES","VIERNES","SÁBADO","DOMINGO")) | H1006: =IF($A1006="","",CHOOSE(MONTH($A1006),"ENERO","FEBRERO","MARZO","ABRIL","MAYO","JUNIO","JULIO","AGOSTO","SEPTIEMBRE","OCTUBRE","NOVIEMBRE","DICIEMBRE")) | I1006: =IF($A1006="","",IF(OR($G1006="SÁBADO",$G1006="DOMINGO"),"FIN","LV")) | J1006: =IF(OR($A1006="",$B1006=""),"",IF($L1006<>"",UPPER($L1006),IF($C1006="","FALTA",IFERROR(IF($C1006>=$O1006,"ROJO FUERTE",IF($C1006>=$N1006,"ROJO",IF($C1006>=$M1006,"AMARILLO","VERDE"))),"REVISAR")))) | K1006: =IF(OR($C1006="",$D1006=""),"",IF($D1006>=$C1006,($D1006-$C1006)*24,(1-$C1006+$D1006)*24)) | M1006: {=IFERROR(INDEX(EXCEPCIONES_FECHA!$D$2:$D$201,MATCH(1,(EXCEPCIONES_FECHA!$A$2:$A$201=$A1006)*(EXCEPCIONES_FECHA!$B$2:$B$201=$B1006),0)),IFERROR(INDEX(EXCEPCIONES_FECHA!$D$2:$D$201,MATCH(1,(EXCEPCIONES_FECHA!$A$2:$A$201=$A1006)*(EXCEPCIONES_FECHA!$B$2:$B$201=""),0)),IFERROR(INDEX(IF($I1006="FIN",HISTORIAL_HORARIOS!$J$2:$J$201,HISTORIAL_HORARIOS!$F$2:$F$201),MATCH(1,(HISTORIAL_HORARIOS!$A$2:$A$201=$B1006)*(HISTORIAL_HORARIOS!$C$2:$C$201<=$A1006)*(HISTORIAL_HORARIOS!$D$2:$D$201>=$A1006),0)),INDEX(IF($I1006="FIN",PERSONAL!$J$2:$J$80,PERSONAL!$F$2:$F$80),MATCH($B1006,PERSONAL!$A$2:$A$80,0)))))} | N1006: {=IFERROR(INDEX(EXCEPCIONES_FECHA!$E$2:$E$201,MATCH(1,(EXCEPCIONES_FECHA!$A$2:$A$201=$A1006)*(EXCEPCIONES_FECHA!$B$2:$B$201=$B1006),0)),IFERROR(INDEX(EXCEPCIONES_FECHA!$E$2:$E$201,MATCH(1,(EXCEPCIONES_FECHA!$A$2:$A$201=$A1006)*(EXCEPCIONES_FECHA!$B$2:$B$201=""),0)),IFERROR(INDEX(IF($I1006="FIN",HISTORIAL_HORARIOS!$K$2:$K$201,HISTORIAL_HORARIOS!$G$2:$G$201),MATCH(1,(HISTORIAL_HORARIOS!$A$2:$A$201=$B1006)*(HISTORIAL_HORARIOS!$C$2:$C$201<=$A1006)*(HISTORIAL_HORARIOS!$D$2:$D$201>=$A1006),0)),INDEX(IF($I1006="FIN",PERSONAL!$K$2:$K$80,PERSONAL!$G$2:$G$80),MATCH($B1006,PERSONAL!$A$2:$A$80,0)))))} | O1006: {=IFERROR(INDEX(EXCEPCIONES_FECHA!$F$2:$F$201,MATCH(1,(EXCEPCIONES_FECHA!$A$2:$A$201=$A1006)*(EXCEPCIONES_FECHA!$B$2:$B$201=$B1006),0)),IFERROR(INDEX(EXCEPCIONES_FECHA!$F$2:$F$201,MATCH(1,(EXCEPCIONES_FECHA!$A$2:$A$201=$A1006)*(EXCEPCIONES_FECHA!$B$2:$B$201=""),0)),IFERROR(INDEX(IF($I1006="FIN",HISTORIAL_HORARIOS!$L$2:$L$201,HISTORIAL_HORARIOS!$H$2:$H$201),MATCH(1,(HISTORIAL_HORARIOS!$A$2:$A$201=$B1006)*(HISTORIAL_HORARIOS!$C$2:$C$201<=$A1006)*(HISTORIAL_HORARIOS!$D$2:$D$201>=$A1006),0)),INDEX(IF($I1006="FIN",PERSONAL!$L$2:$L$80,PERSONAL!$H$2:$H$80),MATCH($B1006,PERSONAL!$A$2:$A$80,0)))))}
E1007: {=IF($B1007="","",IFERROR(INDEX(PERSONAL!$B$2:$B$80,MATCH($B1007,PERSONAL!$A$2:$A$80,0)),"NO EXISTE"))} | F1007: {=IF($B1007="","",IFERROR(INDEX(PERSONAL!$C$2:$C$80,MATCH($B1007,PERSONAL!$A$2:$A$80,0)),""))} | G1007: =IF($A1007="","",CHOOSE(WEEKDAY($A1007,2),"LUNES","MARTES","MIÉRCOLES","JUEVES","VIERNES","SÁBADO","DOMINGO")) | H1007: =IF($A1007="","",CHOOSE(MONTH($A1007),"ENERO","FEBRERO","MARZO","ABRIL","MAYO","JUNIO","JULIO","AGOSTO","SEPTIEMBRE","OCTUBRE","NOVIEMBRE","DICIEMBRE")) | I1007: =IF($A1007="","",IF(OR($G1007="SÁBADO",$G1007="DOMINGO"),"FIN","LV")) | J1007: =IF(OR($A1007="",$B1007=""),"",IF($L1007<>"",UPPER($L1007),IF($C1007="","FALTA",IFERROR(IF($C1007>=$O1007,"ROJO FUERTE",IF($C1007>=$N1007,"ROJO",IF($C1007>=$M1007,"AMARILLO","VERDE"))),"REVISAR")))) | K1007: =IF(OR($C1007="",$D1007=""),"",IF($D1007>=$C1007,($D1007-$C1007)*24,(1-$C1007+$D1007)*24)) | M1007: {=IFERROR(INDEX(EXCEPCIONES_FECHA!$D$2:$D$201,MATCH(1,(EXCEPCIONES_FECHA!$A$2:$A$201=$A1007)*(EXCEPCIONES_FECHA!$B$2:$B$201=$B1007),0)),IFERROR(INDEX(EXCEPCIONES_FECHA!$D$2:$D$201,MATCH(1,(EXCEPCIONES_FECHA!$A$2:$A$201=$A1007)*(EXCEPCIONES_FECHA!$B$2:$B$201=""),0)),IFERROR(INDEX(IF($I1007="FIN",HISTORIAL_HORARIOS!$J$2:$J$201,HISTORIAL_HORARIOS!$F$2:$F$201),MATCH(1,(HISTORIAL_HORARIOS!$A$2:$A$201=$B1007)*(HISTORIAL_HORARIOS!$C$2:$C$201<=$A1007)*(HISTORIAL_HORARIOS!$D$2:$D$201>=$A1007),0)),INDEX(IF($I1007="FIN",PERSONAL!$J$2:$J$80,PERSONAL!$F$2:$F$80),MATCH($B1007,PERSONAL!$A$2:$A$80,0)))))} | N1007: {=IFERROR(INDEX(EXCEPCIONES_FECHA!$E$2:$E$201,MATCH(1,(EXCEPCIONES_FECHA!$A$2:$A$201=$A1007)*(EXCEPCIONES_FECHA!$B$2:$B$201=$B1007),0)),IFERROR(INDEX(EXCEPCIONES_FECHA!$E$2:$E$201,MATCH(1,(EXCEPCIONES_FECHA!$A$2:$A$201=$A1007)*(EXCEPCIONES_FECHA!$B$2:$B$201=""),0)),IFERROR(INDEX(IF($I1007="FIN",HISTORIAL_HORARIOS!$K$2:$K$201,HISTORIAL_HORARIOS!$G$2:$G$201),MATCH(1,(HISTORIAL_HORARIOS!$A$2:$A$201=$B1007)*(HISTORIAL_HORARIOS!$C$2:$C$201<=$A1007)*(HISTORIAL_HORARIOS!$D$2:$D$201>=$A1007),0)),INDEX(IF($I1007="FIN",PERSONAL!$K$2:$K$80,PERSONAL!$G$2:$G$80),MATCH($B1007,PERSONAL!$A$2:$A$80,0)))))} | O1007: {=IFERROR(INDEX(EXCEPCIONES_FECHA!$F$2:$F$201,MATCH(1,(EXCEPCIONES_FECHA!$A$2:$A$201=$A1007)*(EXCEPCIONES_FECHA!$B$2:$B$201=$B1007),0)),IFERROR(INDEX(EXCEPCIONES_FECHA!$F$2:$F$201,MATCH(1,(EXCEPCIONES_FECHA!$A$2:$A$201=$A1007)*(EXCEPCIONES_FECHA!$B$2:$B$201=""),0)),IFERROR(INDEX(IF($I1007="FIN",HISTORIAL_HORARIOS!$L$2:$L$201,HISTORIAL_HORARIOS!$H$2:$H$201),MATCH(1,(HISTORIAL_HORARIOS!$A$2:$A$201=$B1007)*(HISTORIAL_HORARIOS!$C$2:$C$201<=$A1007)*(HISTORIAL_HORARIOS!$D$2:$D$201>=$A1007),0)),INDEX(IF($I1007="FIN",PERSONAL!$L$2:$L$80,PERSONAL!$H$2:$H$80),MATCH($B1007,PERSONAL!$A$2:$A$80,0)))))}
E1008: {=IF($B1008="","",IFERROR(INDEX(PERSONAL!$B$2:$B$80,MATCH($B1008,PERSONAL!$A$2:$A$80,0)),"NO EXISTE"))} | F1008: {=IF($B1008="","",IFERROR(INDEX(PERSONAL!$C$2:$C$80,MATCH($B1008,PERSONAL!$A$2:$A$80,0)),""))} | G1008: =IF($A1008="","",CHOOSE(WEEKDAY($A1008,2),"LUNES","MARTES","MIÉRCOLES","JUEVES","VIERNES","SÁBADO","DOMINGO")) | H1008: =IF($A1008="","",CHOOSE(MONTH($A1008),"ENERO","FEBRERO","MARZO","ABRIL","MAYO","JUNIO","JULIO","AGOSTO","SEPTIEMBRE","OCTUBRE","NOVIEMBRE","DICIEMBRE")) | I1008: =IF($A1008="","",IF(OR($G1008="SÁBADO",$G1008="DOMINGO"),"FIN","LV")) | J1008: =IF(OR($A1008="",$B1008=""),"",IF($L1008<>"",UPPER($L1008),IF($C1008="","FALTA",IFERROR(IF($C1008>=$O1008,"ROJO FUERTE",IF($C1008>=$N1008,"ROJO",IF($C1008>=$M1008,"AMARILLO","VERDE"))),"REVISAR")))) | K1008: =IF(OR($C1008="",$D1008=""),"",IF($D1008>=$C1008,($D1008-$C1008)*24,(1-$C1008+$D1008)*24)) | M1008: {=IFERROR(INDEX(EXCEPCIONES_FECHA!$D$2:$D$201,MATCH(1,(EXCEPCIONES_FECHA!$A$2:$A$201=$A1008)*(EXCEPCIONES_FECHA!$B$2:$B$201=$B1008),0)),IFERROR(INDEX(EXCEPCIONES_FECHA!$D$2:$D$201,MATCH(1,(EXCEPCIONES_FECHA!$A$2:$A$201=$A1008)*(EXCEPCIONES_FECHA!$B$2:$B$201=""),0)),IFERROR(INDEX(IF($I1008="FIN",HISTORIAL_HORARIOS!$J$2:$J$201,HISTORIAL_HORARIOS!$F$2:$F$201),MATCH(1,(HISTORIAL_HORARIOS!$A$2:$A$201=$B1008)*(HISTORIAL_HORARIOS!$C$2:$C$201<=$A1008)*(HISTORIAL_HORARIOS!$D$2:$D$201>=$A1008),0)),INDEX(IF($I1008="FIN",PERSONAL!$J$2:$J$80,PERSONAL!$F$2:$F$80),MATCH($B1008,PERSONAL!$A$2:$A$80,0)))))} | N1008: {=IFERROR(INDEX(EXCEPCIONES_FECHA!$E$2:$E$201,MATCH(1,(EXCEPCIONES_FECHA!$A$2:$A$201=$A1008)*(EXCEPCIONES_FECHA!$B$2:$B$201=$B1008),0)),IFERROR(INDEX(EXCEPCIONES_FECHA!$E$2:$E$201,MATCH(1,(EXCEPCIONES_FECHA!$A$2:$A$201=$A1008)*(EXCEPCIONES_FECHA!$B$2:$B$201=""),0)),IFERROR(INDEX(IF($I1008="FIN",HISTORIAL_HORARIOS!$K$2:$K$201,HISTORIAL_HORARIOS!$G$2:$G$201),MATCH(1,(HISTORIAL_HORARIOS!$A$2:$A$201=$B1008)*(HISTORIAL_HORARIOS!$C$2:$C$201<=$A1008)*(HISTORIAL_HORARIOS!$D$2:$D$201>=$A1008),0)),INDEX(IF($I1008="FIN",PERSONAL!$K$2:$K$80,PERSONAL!$G$2:$G$80),MATCH($B1008,PERSONAL!$A$2:$A$80,0)))))} | O1008: {=IFERROR(INDEX(EXCEPCIONES_FECHA!$F$2:$F$201,MATCH(1,(EXCEPCIONES_FECHA!$A$2:$A$201=$A1008)*(EXCEPCIONES_FECHA!$B$2:$B$201=$B1008),0)),IFERROR(INDEX(EXCEPCIONES_FECHA!$F$2:$F$201,MATCH(1,(EXCEPCIONES_FECHA!$A$2:$A$201=$A1008)*(EXCEPCIONES_FECHA!$B$2:$B$201=""),0)),IFERROR(INDEX(IF($I1008="FIN",HISTORIAL_HORARIOS!$L$2:$L$201,HISTORIAL_HORARIOS!$H$2:$H$201),MATCH(1,(HISTORIAL_HORARIOS!$A$2:$A$201=$B1008)*(HISTORIAL_HORARIOS!$C$2:$C$201<=$A1008)*(HISTORIAL_HORARIOS!$D$2:$D$201>=$A1008),0)),INDEX(IF($I1008="FIN",PERSONAL!$L$2:$L$80,PERSONAL!$H$2:$H$80),MATCH($B1008,PERSONAL!$A$2:$A$80,0)))))}
E1009: {=IF($B1009="","",IFERROR(INDEX(PERSONAL!$B$2:$B$80,MATCH($B1009,PERSONAL!$A$2:$A$80,0)),"NO EXISTE"))} | F1009: {=IF($B1009="","",IFERROR(INDEX(PERSONAL!$C$2:$C$80,MATCH($B1009,PERSONAL!$A$2:$A$80,0)),""))} | G1009: =IF($A1009="","",CHOOSE(WEEKDAY($A1009,2),"LUNES","MARTES","MIÉRCOLES","JUEVES","VIERNES","SÁBADO","DOMINGO")) | H1009: =IF($A1009="","",CHOOSE(MONTH($A1009),"ENERO","FEBRERO","MARZO","ABRIL","MAYO","JUNIO","JULIO","AGOSTO","SEPTIEMBRE","OCTUBRE","NOVIEMBRE","DICIEMBRE")) | I1009: =IF($A1009="","",IF(OR($G1009="SÁBADO",$G1009="DOMINGO"),"FIN","LV")) | J1009: =IF(OR($A1009="",$B1009=""),"",IF($L1009<>"",UPPER($L1009),IF($C1009="","FALTA",IFERROR(IF($C1009>=$O1009,"ROJO FUERTE",IF($C1009>=$N1009,"ROJO",IF($C1009>=$M1009,"AMARILLO","VERDE"))),"REVISAR")))) | K1009: =IF(OR($C1009="",$D1009=""),"",IF($D1009>=$C1009,($D1009-$C1009)*24,(1-$C1009+$D1009)*24)) | M1009: {=IFERROR(INDEX(EXCEPCIONES_FECHA!$D$2:$D$201,MATCH(1,(EXCEPCIONES_FECHA!$A$2:$A$201=$A1009)*(EXCEPCIONES_FECHA!$B$2:$B$201=$B1009),0)),IFERROR(INDEX(EXCEPCIONES_FECHA!$D$2:$D$201,MATCH(1,(EXCEPCIONES_FECHA!$A$2:$A$201=$A1009)*(EXCEPCIONES_FECHA!$B$2:$B$201=""),0)),IFERROR(INDEX(IF($I1009="FIN",HISTORIAL_HORARIOS!$J$2:$J$201,HISTORIAL_HORARIOS!$F$2:$F$201),MATCH(1,(HISTORIAL_HORARIOS!$A$2:$A$201=$B1009)*(HISTORIAL_HORARIOS!$C$2:$C$201<=$A1009)*(HISTORIAL_HORARIOS!$D$2:$D$201>=$A1009),0)),INDEX(IF($I1009="FIN",PERSONAL!$J$2:$J$80,PERSONAL!$F$2:$F$80),MATCH($B1009,PERSONAL!$A$2:$A$80,0)))))} | N1009: {=IFERROR(INDEX(EXCEPCIONES_FECHA!$E$2:$E$201,MATCH(1,(EXCEPCIONES_FECHA!$A$2:$A$201=$A1009)*(EXCEPCIONES_FECHA!$B$2:$B$201=$B1009),0)),IFERROR(INDEX(EXCEPCIONES_FECHA!$E$2:$E$201,MATCH(1,(EXCEPCIONES_FECHA!$A$2:$A$201=$A1009)*(EXCEPCIONES_FECHA!$B$2:$B$201=""),0)),IFERROR(INDEX(IF($I1009="FIN",HISTORIAL_HORARIOS!$K$2:$K$201,HISTORIAL_HORARIOS!$G$2:$G$201),MATCH(1,(HISTORIAL_HORARIOS!$A$2:$A$201=$B1009)*(HISTORIAL_HORARIOS!$C$2:$C$201<=$A1009)*(HISTORIAL_HORARIOS!$D$2:$D$201>=$A1009),0)),INDEX(IF($I1009="FIN",PERSONAL!$K$2:$K$80,PERSONAL!$G$2:$G$80),MATCH($B1009,PERSONAL!$A$2:$A$80,0)))))} | O1009: {=IFERROR(INDEX(EXCEPCIONES_FECHA!$F$2:$F$201,MATCH(1,(EXCEPCIONES_FECHA!$A$2:$A$201=$A1009)*(EXCEPCIONES_FECHA!$B$2:$B$201=$B1009),0)),IFERROR(INDEX(EXCEPCIONES_FECHA!$F$2:$F$201,MATCH(1,(EXCEPCIONES_FECHA!$A$2:$A$201=$A1009)*(EXCEPCIONES_FECHA!$B$2:$B$201=""),0)),IFERROR(INDEX(IF($I1009="FIN",HISTORIAL_HORARIOS!$L$2:$L$201,HISTORIAL_HORARIOS!$H$2:$H$201),MATCH(1,(HISTORIAL_HORARIOS!$A$2:$A$201=$B1009)*(HISTORIAL_HORARIOS!$C$2:$C$201<=$A1009)*(HISTORIAL_HORARIOS!$D$2:$D$201>=$A1009),0)),INDEX(IF($I1009="FIN",PERSONAL!$L$2:$L$80,PERSONAL!$H$2:$H$80),MATCH($B1009,PERSONAL!$A$2:$A$80,0)))))}
E1010: {=IF($B1010="","",IFERROR(INDEX(PERSONAL!$B$2:$B$80,MATCH($B1010,PERSONAL!$A$2:$A$80,0)),"NO EXISTE"))} | F1010: {=IF($B1010="","",IFERROR(INDEX(PERSONAL!$C$2:$C$80,MATCH($B1010,PERSONAL!$A$2:$A$80,0)),""))} | G1010: =IF($A1010="","",CHOOSE(WEEKDAY($A1010,2),"LUNES","MARTES","MIÉRCOLES","JUEVES","VIERNES","SÁBADO","DOMINGO")) | H1010: =IF($A1010="","",CHOOSE(MONTH($A1010),"ENERO","FEBRERO","MARZO","ABRIL","MAYO","JUNIO","JULIO","AGOSTO","SEPTIEMBRE","OCTUBRE","NOVIEMBRE","DICIEMBRE")) | I1010: =IF($A1010="","",IF(OR($G1010="SÁBADO",$G1010="DOMINGO"),"FIN","LV")) | J1010: =IF(OR($A1010="",$B1010=""),"",IF($L1010<>"",UPPER($L1010),IF($C1010="","FALTA",IFERROR(IF($C1010>=$O1010,"ROJO FUERTE",IF($C1010>=$N1010,"ROJO",IF($C1010>=$M1010,"AMARILLO","VERDE"))),"REVISAR")))) | K1010: =IF(OR($C1010="",$D1010=""),"",IF($D1010>=$C1010,($D1010-$C1010)*24,(1-$C1010+$D1010)*24)) | M1010: {=IFERROR(INDEX(EXCEPCIONES_FECHA!$D$2:$D$201,MATCH(1,(EXCEPCIONES_FECHA!$A$2:$A$201=$A1010)*(EXCEPCIONES_FECHA!$B$2:$B$201=$B1010),0)),IFERROR(INDEX(EXCEPCIONES_FECHA!$D$2:$D$201,MATCH(1,(EXCEPCIONES_FECHA!$A$2:$A$201=$A1010)*(EXCEPCIONES_FECHA!$B$2:$B$201=""),0)),IFERROR(INDEX(IF($I1010="FIN",HISTORIAL_HORARIOS!$J$2:$J$201,HISTORIAL_HORARIOS!$F$2:$F$201),MATCH(1,(HISTORIAL_HORARIOS!$A$2:$A$201=$B1010)*(HISTORIAL_HORARIOS!$C$2:$C$201<=$A1010)*(HISTORIAL_HORARIOS!$D$2:$D$201>=$A1010),0)),INDEX(IF($I1010="FIN",PERSONAL!$J$2:$J$80,PERSONAL!$F$2:$F$80),MATCH($B1010,PERSONAL!$A$2:$A$80,0)))))} | N1010: {=IFERROR(INDEX(EXCEPCIONES_FECHA!$E$2:$E$201,MATCH(1,(EXCEPCIONES_FECHA!$A$2:$A$201=$A1010)*(EXCEPCIONES_FECHA!$B$2:$B$201=$B1010),0)),IFERROR(INDEX(EXCEPCIONES_FECHA!$E$2:$E$201,MATCH(1,(EXCEPCIONES_FECHA!$A$2:$A$201=$A1010)*(EXCEPCIONES_FECHA!$B$2:$B$201=""),0)),IFERROR(INDEX(IF($I1010="FIN",HISTORIAL_HORARIOS!$K$2:$K$201,HISTORIAL_HORARIOS!$G$2:$G$201),MATCH(1,(HISTORIAL_HORARIOS!$A$2:$A$201=$B1010)*(HISTORIAL_HORARIOS!$C$2:$C$201<=$A1010)*(HISTORIAL_HORARIOS!$D$2:$D$201>=$A1010),0)),INDEX(IF($I1010="FIN",PERSONAL!$K$2:$K$80,PERSONAL!$G$2:$G$80),MATCH($B1010,PERSONAL!$A$2:$A$80,0)))))} | O1010: {=IFERROR(INDEX(EXCEPCIONES_FECHA!$F$2:$F$201,MATCH(1,(EXCEPCIONES_FECHA!$A$2:$A$201=$A1010)*(EXCEPCIONES_FECHA!$B$2:$B$201=$B1010),0)),IFERROR(INDEX(EXCEPCIONES_FECHA!$F$2:$F$201,MATCH(1,(EXCEPCIONES_FECHA!$A$2:$A$201=$A1010)*(EXCEPCIONES_FECHA!$B$2:$B$201=""),0)),IFERROR(INDEX(IF($I1010="FIN",HISTORIAL_HORARIOS!$L$2:$L$201,HISTORIAL_HORARIOS!$H$2:$H$201),MATCH(1,(HISTORIAL_HORARIOS!$A$2:$A$201=$B1010)*(HISTORIAL_HORARIOS!$C$2:$C$201<=$A1010)*(HISTORIAL_HORARIOS!$D$2:$D$201>=$A1010),0)),INDEX(IF($I1010="FIN",PERSONAL!$L$2:$L$80,PERSONAL!$H$2:$H$80),MATCH($B1010,PERSONAL!$A$2:$A$80,0)))))}
E1011: {=IF($B1011="","",IFERROR(INDEX(PERSONAL!$B$2:$B$80,MATCH($B1011,PERSONAL!$A$2:$A$80,0)),"NO EXISTE"))} | F1011: {=IF($B1011="","",IFERROR(INDEX(PERSONAL!$C$2:$C$80,MATCH($B1011,PERSONAL!$A$2:$A$80,0)),""))} | G1011: =IF($A1011="","",CHOOSE(WEEKDAY($A1011,2),"LUNES","MARTES","MIÉRCOLES","JUEVES","VIERNES","SÁBADO","DOMINGO")) | H1011: =IF($A1011="","",CHOOSE(MONTH($A1011),"ENERO","FEBRERO","MARZO","ABRIL","MAYO","JUNIO","JULIO","AGOSTO","SEPTIEMBRE","OCTUBRE","NOVIEMBRE","DICIEMBRE")) | I1011: =IF($A1011="","",IF(OR($G1011="SÁBADO",$G1011="DOMINGO"),"FIN","LV")) | J1011: =IF(OR($A1011="",$B1011=""),"",IF($L1011<>"",UPPER($L1011),IF($C1011="","FALTA",IFERROR(IF($C1011>=$O1011,"ROJO FUERTE",IF($C1011>=$N1011,"ROJO",IF($C1011>=$M1011,"AMARILLO","VERDE"))),"REVISAR")))) | K1011: =IF(OR($C1011="",$D1011=""),"",IF($D1011>=$C1011,($D1011-$C1011)*24,(1-$C1011+$D1011)*24)) | M1011: {=IFERROR(INDEX(EXCEPCIONES_FECHA!$D$2:$D$201,MATCH(1,(EXCEPCIONES_FECHA!$A$2:$A$201=$A1011)*(EXCEPCIONES_FECHA!$B$2:$B$201=$B1011),0)),IFERROR(INDEX(EXCEPCIONES_FECHA!$D$2:$D$201,MATCH(1,(EXCEPCIONES_FECHA!$A$2:$A$201=$A1011)*(EXCEPCIONES_FECHA!$B$2:$B$201=""),0)),IFERROR(INDEX(IF($I1011="FIN",HISTORIAL_HORARIOS!$J$2:$J$201,HISTORIAL_HORARIOS!$F$2:$F$201),MATCH(1,(HISTORIAL_HORARIOS!$A$2:$A$201=$B1011)*(HISTORIAL_HORARIOS!$C$2:$C$201<=$A1011)*(HISTORIAL_HORARIOS!$D$2:$D$201>=$A1011),0)),INDEX(IF($I1011="FIN",PERSONAL!$J$2:$J$80,PERSONAL!$F$2:$F$80),MATCH($B1011,PERSONAL!$A$2:$A$80,0)))))} | N1011: {=IFERROR(INDEX(EXCEPCIONES_FECHA!$E$2:$E$201,MATCH(1,(EXCEPCIONES_FECHA!$A$2:$A$201=$A1011)*(EXCEPCIONES_FECHA!$B$2:$B$201=$B1011),0)),IFERROR(INDEX(EXCEPCIONES_FECHA!$E$2:$E$201,MATCH(1,(EXCEPCIONES_FECHA!$A$2:$A$201=$A1011)*(EXCEPCIONES_FECHA!$B$2:$B$201=""),0)),IFERROR(INDEX(IF($I1011="FIN",HISTORIAL_HORARIOS!$K$2:$K$201,HISTORIAL_HORARIOS!$G$2:$G$201),MATCH(1,(HISTORIAL_HORARIOS!$A$2:$A$201=$B1011)*(HISTORIAL_HORARIOS!$C$2:$C$201<=$A1011)*(HISTORIAL_HORARIOS!$D$2:$D$201>=$A1011),0)),INDEX(IF($I1011="FIN",PERSONAL!$K$2:$K$80,PERSONAL!$G$2:$G$80),MATCH($B1011,PERSONAL!$A$2:$A$80,0)))))} | O1011: {=IFERROR(INDEX(EXCEPCIONES_FECHA!$F$2:$F$201,MATCH(1,(EXCEPCIONES_FECHA!$A$2:$A$201=$A1011)*(EXCEPCIONES_FECHA!$B$2:$B$201=$B1011),0)),IFERROR(INDEX(EXCEPCIONES_FECHA!$F$2:$F$201,MATCH(1,(EXCEPCIONES_FECHA!$A$2:$A$201=$A1011)*(EXCEPCIONES_FECHA!$B$2:$B$201=""),0)),IFERROR(INDEX(IF($I1011="FIN",HISTORIAL_HORARIOS!$L$2:$L$201,HISTORIAL_HORARIOS!$H$2:$H$201),MATCH(1,(HISTORIAL_HORARIOS!$A$2:$A$201=$B1011)*(HISTORIAL_HORARIOS!$C$2:$C$201<=$A1011)*(HISTORIAL_HORARIOS!$D$2:$D$201>=$A1011),0)),INDEX(IF($I1011="FIN",PERSONAL!$L$2:$L$80,PERSONAL!$H$2:$H$80),MATCH($B1011,PERSONAL!$A$2:$A$80,0)))))}
E1012: {=IF($B1012="","",IFERROR(INDEX(PERSONAL!$B$2:$B$80,MATCH($B1012,PERSONAL!$A$2:$A$80,0)),"NO EXISTE"))} | F1012: {=IF($B1012="","",IFERROR(INDEX(PERSONAL!$C$2:$C$80,MATCH($B1012,PERSONAL!$A$2:$A$80,0)),""))} | G1012: =IF($A1012="","",CHOOSE(WEEKDAY($A1012,2),"LUNES","MARTES","MIÉRCOLES","JUEVES","VIERNES","SÁBADO","DOMINGO")) | H1012: =IF($A1012="","",CHOOSE(MONTH($A1012),"ENERO","FEBRERO","MARZO","ABRIL","MAYO","JUNIO","JULIO","AGOSTO","SEPTIEMBRE","OCTUBRE","NOVIEMBRE","DICIEMBRE")) | I1012: =IF($A1012="","",IF(OR($G1012="SÁBADO",$G1012="DOMINGO"),"FIN","LV")) | J1012: =IF(OR($A1012="",$B1012=""),"",IF($L1012<>"",UPPER($L1012),IF($C1012="","FALTA",IFERROR(IF($C1012>=$O1012,"ROJO FUERTE",IF($C1012>=$N1012,"ROJO",IF($C1012>=$M1012,"AMARILLO","VERDE"))),"REVISAR")))) | K1012: =IF(OR($C1012="",$D1012=""),"",IF($D1012>=$C1012,($D1012-$C1012)*24,(1-$C1012+$D1012)*24)) | M1012: {=IFERROR(INDEX(EXCEPCIONES_FECHA!$D$2:$D$201,MATCH(1,(EXCEPCIONES_FECHA!$A$2:$A$201=$A1012)*(EXCEPCIONES_FECHA!$B$2:$B$201=$B1012),0)),IFERROR(INDEX(EXCEPCIONES_FECHA!$D$2:$D$201,MATCH(1,(EXCEPCIONES_FECHA!$A$2:$A$201=$A1012)*(EXCEPCIONES_FECHA!$B$2:$B$201=""),0)),IFERROR(INDEX(IF($I1012="FIN",HISTORIAL_HORARIOS!$J$2:$J$201,HISTORIAL_HORARIOS!$F$2:$F$201),MATCH(1,(HISTORIAL_HORARIOS!$A$2:$A$201=$B1012)*(HISTORIAL_HORARIOS!$C$2:$C$201<=$A1012)*(HISTORIAL_HORARIOS!$D$2:$D$201>=$A1012),0)),INDEX(IF($I1012="FIN",PERSONAL!$J$2:$J$80,PERSONAL!$F$2:$F$80),MATCH($B1012,PERSONAL!$A$2:$A$80,0)))))} | N1012: {=IFERROR(INDEX(EXCEPCIONES_FECHA!$E$2:$E$201,MATCH(1,(EXCEPCIONES_FECHA!$A$2:$A$201=$A1012)*(EXCEPCIONES_FECHA!$B$2:$B$201=$B1012),0)),IFERROR(INDEX(EXCEPCIONES_FECHA!$E$2:$E$201,MATCH(1,(EXCEPCIONES_FECHA!$A$2:$A$201=$A1012)*(EXCEPCIONES_FECHA!$B$2:$B$201=""),0)),IFERROR(INDEX(IF($I1012="FIN",HISTORIAL_HORARIOS!$K$2:$K$201,HISTORIAL_HORARIOS!$G$2:$G$201),MATCH(1,(HISTORIAL_HORARIOS!$A$2:$A$201=$B1012)*(HISTORIAL_HORARIOS!$C$2:$C$201<=$A1012)*(HISTORIAL_HORARIOS!$D$2:$D$201>=$A1012),0)),INDEX(IF($I1012="FIN",PERSONAL!$K$2:$K$80,PERSONAL!$G$2:$G$80),MATCH($B1012,PERSONAL!$A$2:$A$80,0)))))} | O1012: {=IFERROR(INDEX(EXCEPCIONES_FECHA!$F$2:$F$201,MATCH(1,(EXCEPCIONES_FECHA!$A$2:$A$201=$A1012)*(EXCEPCIONES_FECHA!$B$2:$B$201=$B1012),0)),IFERROR(INDEX(EXCEPCIONES_FECHA!$F$2:$F$201,MATCH(1,(EXCEPCIONES_FECHA!$A$2:$A$201=$A1012)*(EXCEPCIONES_FECHA!$B$2:$B$201=""),0)),IFERROR(INDEX(IF($I1012="FIN",HISTORIAL_HORARIOS!$L$2:$L$201,HISTORIAL_HORARIOS!$H$2:$H$201),MATCH(1,(HISTORIAL_HORARIOS!$A$2:$A$201=$B1012)*(HISTORIAL_HORARIOS!$C$2:$C$201<=$A1012)*(HISTORIAL_HORARIOS!$D$2:$D$201>=$A1012),0)),INDEX(IF($I1012="FIN",PERSONAL!$L$2:$L$80,PERSONAL!$H$2:$H$80),MATCH($B1012,PERSONAL!$A$2:$A$80,0)))))}
... E1722: {=IF($B1722="","",IFERROR(INDEX(PERSONAL!$B$2:$B$80,MATCH($B1722,PERSONAL!$A$2:$A$80,0)),"NO EXISTE"))} | F1722: {=IF($B1722="","",IFERROR(INDEX(PERSONAL!$C$2:$C$80,MATCH($B1722,PERSONAL!$A$2:$A$80,0)),""))} | G1722: =IF($A1722="","",CHOOSE(WEEKDAY($A1722,2),"LUNES","MARTES","MIÉRCOLES","JUEVES","VIERNES","SÁBADO","DOMINGO")) | H1722: =IF($A1722="","",CHOOSE(MONTH($A1722),"ENERO","FEBRERO","MARZO","ABRIL","MAYO","JUNIO","JULIO","AGOSTO","SEPTIEMBRE","OCTUBRE","NOVIEMBRE","DICIEMBRE")) | I1722: =IF($A1722="","",IF(OR($G1722="SÁBADO",$G1722="DOMINGO"),"FIN","LV")) | J1722: =IF(OR($A1722="",$B1722=""),"",IF($L1722<>"",UPPER($L1722),IF($C1722="","FALTA",IFERROR(IF($C1722>=$O1722,"ROJO FUERTE",IF($C1722>=$N1722,"ROJO",IF($C1722>=$M1722,"AMARILLO","VERDE"))),"REVISAR")))) | K1722: =IF(OR($C1722="",$D1722=""),"",IF($D1722>=$C1722,($D1722-$C1722)*24,(1-$C1722+$D1722)*24)) | M1722: {=IFERROR(INDEX(EXCEPCIONES_FECHA!$D$2:$D$201,MATCH(1,(EXCEPCIONES_FECHA!$A$2:$A$201=$A1722)*(EXCEPCIONES_FECHA!$B$2:$B$201=$B1722),0)),IFERROR(INDEX(EXCEPCIONES_FECHA!$D$2:$D$201,MATCH(1,(EXCEPCIONES_FECHA!$A$2:$A$201=$A1722)*(EXCEPCIONES_FECHA!$B$2:$B$201=""),0)),IFERROR(INDEX(IF($I1722="FIN",HISTORIAL_HORARIOS!$J$2:$J$201,HISTORIAL_HORARIOS!$F$2:$F$201),MATCH(1,(HISTORIAL_HORARIOS!$A$2:$A$201=$B1722)*(HISTORIAL_HORARIOS!$C$2:$C$201<=$A1722)*(HISTORIAL_HORARIOS!$D$2:$D$201>=$A1722),0)),INDEX(IF($I1722="FIN",PERSONAL!$J$2:$J$80,PERSONAL!$F$2:$F$80),MATCH($B1722,PERSONAL!$A$2:$A$80,0)))))} | N1722: {=IFERROR(INDEX(EXCEPCIONES_FECHA!$E$2:$E$201,MATCH(1,(EXCEPCIONES_FECHA!$A$2:$A$201=$A1722)*(EXCEPCIONES_FECHA!$B$2:$B$201=$B1722),0)),IFERROR(INDEX(EXCEPCIONES_FECHA!$E$2:$E$201,MATCH(1,(EXCEPCIONES_FECHA!$A$2:$A$201=$A1722)*(EXCEPCIONES_FECHA!$B$2:$B$201=""),0)),IFERROR(INDEX(IF($I1722="FIN",HISTORIAL_HORARIOS!$K$2:$K$201,HISTORIAL_HORARIOS!$G$2:$G$201),MATCH(1,(HISTORIAL_HORARIOS!$A$2:$A$201=$B1722)*(HISTORIAL_HORARIOS!$C$2:$C$201<=$A1722)*(HISTORIAL_HORARIOS!$D$2:$D$201>=$A1722),0)),INDEX(IF($I1722="FIN",PERSONAL!$K$2:$K$80,PERSONAL!$G$2:$G$80),MATCH($B1722,PERSONAL!$A$2:$A$80,0)))))} | O1722: {=IFERROR(INDEX(EXCEPCIONES_FECHA!$F$2:$F$201,MATCH(1,(EXCEPCIONES_FECHA!$A$2:$A$201=$A1722)*(EXCEPCIONES_FECHA!$B$2:$B$201=$B1722),0)),IFERROR(INDEX(EXCEPCIONES_FECHA!$F$2:$F$201,MATCH(1,(EXCEPCIONES_FECHA!$A$2:$A$201=$A1722)*(EXCEPCIONES_FECHA!$B$2:$B$201=""),0)),IFERROR(INDEX(IF($I1722="FIN",HISTORIAL_HORARIOS!$L$2:$L$201,HISTORIAL_HORARIOS!$H$2:$H$201),MATCH(1,(HISTORIAL_HORARIOS!$A$2:$A$201=$B1722)*(HISTORIAL_HORARIOS!$C$2:$C$201<=$A1722)*(HISTORIAL_HORARIOS!$D$2:$D$201>=$A1722),0)),INDEX(IF($I1722="FIN",PERSONAL!$L$2:$L$80,PERSONAL!$H$2:$H$80),MATCH($B1722,PERSONAL!$A$2:$A$80,0)))))}

Sheet PERSONAL
A1: No. EMP | B1: NOMBRE | C1: SUPERVISOR | D1: ACTIVO | E1: VERDE L-V | F1: AMARILLO L-V | G1: ROJO L-V | H1: ROJO FUERTE L-V | I1: VERDE S-D | J1: AMARILLO S-D | K1: ROJO S-D | L1: ROJO FUERTE S-D | M1: IDX SUP | N1: LLAVE
A2: 7001 | B2: SOFIA MORALES VEGA | C2: CAMILA RIVERA NAVA | D2: SÍ | E2: 0.33333333 | F2: 0.33402778 | G2: 0.3375 | H2: 0.34027778 | I2: 0.33333333 | J2: 0.33402778 | K2: 0.3375 | L2: 0.34027778 | M2: =IF($A2="","",IF($D2<>"SÍ","",COUNTIFS($C$2:C2,C2,$D$2:D2,"SÍ"))) | N2: =IF(M2="","",C2&"|"&M2)
A3: 7002 | B3: DIEGO RAMIREZ PENA | C3: CAMILA RIVERA NAVA | D3: SÍ | E3: 0.33333333 | F3: 0.33402778 | G3: 0.3375 | H3: 0.34027778 | I3: 0.33333333 | J3: 0.33402778 | K3: 0.3375 | L3: 0.34027778 | M3: =IF($A3="","",IF($D3<>"SÍ","",COUNTIFS($C$2:C3,C3,$D$2:D3,"SÍ"))) | N3: =IF(M3="","",C3&"|"&M3)
A4: 7003 | B4: VALERIA CASTILLO ROJAS | C4: CAMILA RIVERA NAVA | D4: SÍ | E4: 0.33333333 | F4: 0.33402778 | G4: 0.3375 | H4: 0.34027778 | I4: 0.33333333 | J4: 0.33402778 | K4: 0.3375 | L4: 0.34027778 | M4: =IF($A4="","",IF($D4<>"SÍ","",COUNTIFS($C$2:C4,C4,$D$2:D4,"SÍ"))) | N4: =IF(M4="","",C4&"|"&M4)
A5: 7004 | B5: MARIANA LOPEZ SANTOS | C5: CAMILA RIVERA NAVA | D5: SÍ | E5: 0.33333333 | F5: 0.33402778 | G5: 0.3375 | H5: 0.34027778 | I5: 0.33333333 | J5: 0.33402778 | K5: 0.3375 | L5: 0.34027778 | M5: =IF($A5="","",IF($D5<>"SÍ","",COUNTIFS($C$2:C5,C5,$D$2:D5,"SÍ"))) | N5: =IF(M5="","",C5&"|"&M5)
A6: 7005 | B6: LUIS FERNANDO ORTIZ DIAZ | C6: MATEO HERRERA SOLIS | D6: SÍ | E6: 0.33333333 | F6: 0.33402778 | G6: 0.3375 | H6: 0.34027778 | I6: 0.33333333 | J6: 0.33402778 | K6: 0.3375 | L6: 0.34027778 | M6: =IF($A6="","",IF($D6<>"SÍ","",COUNTIFS($C$2:C6,C6,$D$2:D6,"SÍ"))) | N6: =IF(M6="","",C6&"|"&M6)
A7: 7006 | B7: ANDREA NAVARRO CRUZ | C7: MATEO HERRERA SOLIS | D7: SÍ | E7: 0.33333333 | F7: 0.33402778 | G7: 0.3375 | H7: 0.34027778 | I7: 0.33333333 | J7: 0.33402778 | K7: 0.3375 | L7: 0.34027778 | M7: =IF($A7="","",IF($D7<>"SÍ","",COUNTIFS($C$2:C7,C7,$D$2:D7,"SÍ"))) | N7: =IF(M7="","",C7&"|"&M7)
A8: 7007 | B8: CARLOS EDUARDO MENDEZ RIOS | C8: MATEO HERRERA SOLIS | D8: SÍ | E8: 0.33333333 | F8: 0.33402778 | G8: 0.3375 | H8: 0.34027778 | I8: 0.33333333 | J8: 0.33402778 | K8: 0.3375 | L8: 0.34027778 | M8: =IF($A8="","",IF($D8<>"SÍ","",COUNTIFS($C$2:C8,C8,$D$2:D8,"SÍ"))) | N8: =IF(M8="","",C8&"|"&M8)
A9: 7008 | B9: PAOLA JIMENEZ LARA | C9: MATEO HERRERA SOLIS | D9: SÍ | E9: 0.54166667 | F9: 0.54236111 | G9: 0.54583333 | H9: 0.54861111 | I9: 0.33333333 | J9: 0.33402778 | K9: 0.3375 | L9: 0.34027778 | M9: =IF($A9="","",IF($D9<>"SÍ","",COUNTIFS($C$2:C9,C9,$D$2:D9,"SÍ"))) | N9: =IF(M9="","",C9&"|"&M9)
A10: 7009 | B10: JORGE ALBERTO REYES MORA | C10: MATEO HERRERA SOLIS | D10: SÍ | E10: 0.54166667 | F10: 0.54236111 | G10: 0.54583333 | H10: 0.54861111 | I10: 0.33333333 | J10: 0.33402778 | K10: 0.3375 | L10: 0.34027778 | M10: =IF($A10="","",IF($D10<>"SÍ","",COUNTIFS($C$2:C10,C10,$D$2:D10,"SÍ"))) | N10: =IF(M10="","",C10&"|"&M10)
A11: 7010 | B11: KAREN GABRIELA FLORES LEON | C11: MATEO HERRERA SOLIS | D11: SÍ | E11: 0.54166667 | F11: 0.54236111 | G11: 0.54583333 | H11: 0.54861111 | I11: 0.33333333 | J11: 0.33402778 | K11: 0.3375 | L11: 0.34027778 | M11: =IF($A11="","",IF($D11<>"SÍ","",COUNTIFS($C$2:C11,C11,$D$2:D11,"SÍ"))) | N11: =IF(M11="","",C11&"|"&M11)
A12: 7011 | B12: FERNANDA AGUILAR CAMPOS | C12: CAMILA RIVERA NAVA | D12: SÍ | E12: 0.54166667 | F12: 0.54236111 | G12: 0.54583333 | H12: 0.54861111 | I12: 0.33333333 | J12: 0.33402778 | K12: 0.3375 | L12: 0.34027778 | M12: =IF($A12="","",IF($D12<>"SÍ","",COUNTIFS($C$2:C12,C12,$D$2:D12,"SÍ"))) | N12: =IF(M12="","",C12&"|"&M12)
A13: 7012 | B13: RODRIGO VARGAS PINEDA | C13: CAMILA RIVERA NAVA | D13: SÍ | E13: 0.5625 | F13: 0.56319444 | G13: 0.56666667 | H13: 0.56944444 | I13: 0.33333333 | J13: 0.33402778 | K13: 0.3375 | L13: 0.34027778 | M13: =IF($A13="","",IF($D13<>"SÍ","",COUNTIFS($C$2:C13,C13,$D$2:D13,"SÍ"))) | N13: =IF(M13="","",C13&"|"&M13)
... A20: 7019 | B20: OSCAR IVAN SALGADO REYES | C20: ALEJANDRO TORRES LUNA | D20: SÍ | E20: 0.45833333 | F20: 0.45902778 | G20: 0.4625 | H20: 0.46527778 | I20: 0.33333333 | J20: 0.33402778 | K20: 0.3375 | L20: 0.34027778 | M20: =IF($A20="","",IF($D20<>"SÍ","",COUNTIFS($C$2:C20,C20,$D$2:D20,"SÍ"))) | N20: =IF(M20="","",C20&"|"&M20)
M21: =IF($A21="","",IF($D21<>"SÍ","",COUNTIFS($C$2:C21,C21,$D$2:D21,"SÍ"))) | N21: =IF(M21="","",C21&"|"&M21)
M22: =IF($A22="","",IF($D22<>"SÍ","",COUNTIFS($C$2:C22,C22,$D$2:D22,"SÍ"))) | N22: =IF(M22="","",C22&"|"&M22)
M23: =IF($A23="","",IF($D23<>"SÍ","",COUNTIFS($C$2:C23,C23,$D$2:D23,"SÍ"))) | N23: =IF(M23="","",C23&"|"&M23)
M24: =IF($A24="","",IF($D24<>"SÍ","",COUNTIFS($C$2:C24,C24,$D$2:D24,"SÍ"))) | N24: =IF(M24="","",C24&"|"&M24)
M25: =IF($A25="","",IF($D25<>"SÍ","",COUNTIFS($C$2:C25,C25,$D$2:D25,"SÍ"))) | N25: =IF(M25="","",C25&"|"&M25)
M26: =IF($A26="","",IF($D26<>"SÍ","",COUNTIFS($C$2:C26,C26,$D$2:D26,"SÍ"))) | N26: =IF(M26="","",C26&"|"&M26)
M27: =IF($A27="","",IF($D27<>"SÍ","",COUNTIFS($C$2:C27,C27,$D$2:D27,"SÍ"))) | N27: =IF(M27="","",C27&"|"&M27)
M28: =IF($A28="","",IF($D28<>"SÍ","",COUNTIFS($C$2:C28,C28,$D$2:D28,"SÍ"))) | N28: =IF(M28="","",C28&"|"&M28)
M29: =IF($A29="","",IF($D29<>"SÍ","",COUNTIFS($C$2:C29,C29,$D$2:D29,"SÍ"))) | N29: =IF(M29="","",C29&"|"&M29)
M30: =IF($A30="","",IF($D30<>"SÍ","",COUNTIFS($C$2:C30,C30,$D$2:D30,"SÍ"))) | N30: =IF(M30="","",C30&"|"&M30)
M31: =IF($A31="","",IF($D31<>"SÍ","",COUNTIFS($C$2:C31,C31,$D$2:D31,"SÍ"))) | N31: =IF(M31="","",C31&"|"&M31)
M32: =IF($A32="","",IF($D32<>"SÍ","",COUNTIFS($C$2:C32,C32,$D$2:D32,"SÍ"))) | N32: =IF(M32="","",C32&"|"&M32)
... M80: =IF($A80="","",IF($D80<>"SÍ","",COUNTIFS($C$2:C80,C80,$D$2:D80,"SÍ"))) | N80: =IF(M80="","",C80&"|"&M80)
A1000: Demo publico: datos ficticios anonimizados para portafolio.

Sheet NORMALIDAD
A1: FECHA | B1: DÍA | E1: No. MES | F1: MES
A2: 46023 | B2: JUEVES
A3: 46024 | B3: VIERNES | E3: 1 | F3: ENERO
A4: 46025 | B4: SÁBADO | E4: 2 | F4: FEBRERO
A5: 46026 | B5: DOMINGO | E5: 3 | F5: MARZO
A6: 46027 | B6: LUNES | E6: 4 | F6: ABRIL
A7: 46028 | B7: MARTES | E7: 5 | F7: MAYO
A8: 46029 | B8: MIÉRCOLES | E8: 6 | F8: JUNIO
A9: 46030 | B9: JUEVES | E9: 7 | F9: JULIO
A10: 46031 | B10: VIERNES | E10: 8 | F10: AGOSTO
A11: 46032 | B11: SÁBADO | E11: 9 | F11: SEPTIEMBRE
A12: 46033 | B12: DOMINGO | E12: 10 | F12: OCTUBRE
A13: 46034 | B13: LUNES | E13: 11 | F13: NOVIEMBRE
A14: 46035 | B14: MARTES | E14: 12 | F14: DICIEMBRE
A15: 46036 | B15: MIÉRCOLES
A16: 46037 | B16: JUEVES
A17: 46038 | B17: VIERNES
A18: 46039 | B18: SÁBADO
A19: 46040 | B19: DOMINGO
A20: 46041 | B20: LUNES
A21: 46042 | B21: MARTES
A22: 46043 | B22: MIÉRCOLES
A23: 46044 | B23: JUEVES
A24: 46045 | B24: VIERNES
A25: 46046 | B25: SÁBADO
A26: 46047 | B26: DOMINGO
... A366: 46387 | B366: JUEVES
A1000: Demo publico: datos ficticios anonimizados para portafolio.

Sheet EXCEPCIONES_FECHA
A1: FECHA | B1: No. EMP (vacio = aplica a todos) | C1: VERDE | D1: AMARILLO | E1: ROJO | F1: ROJO FUERTE

Sheet HISTORIAL_HORARIOS
A1: No. EMP | B1: NOMBRE | C1: VIGENTE DESDE | D1: VIGENTE HASTA | E1: VERDE L-V | F1: AMARILLO L-V | G1: ROJO L-V | H1: ROJO FUERTE L-V | I1: VERDE S-D | J1: AMARILLO S-D | K1: ROJO S-D | L1: ROJO FUERTE S-D
B2: =IF($A2="","",IFERROR(INDEX(PERSONAL!$B$2:$B$80,MATCH($A2,PERSONAL!$A$2:$A$80,0)),"NO EXISTE"))
B3: =IF($A3="","",IFERROR(INDEX(PERSONAL!$B$2:$B$80,MATCH($A3,PERSONAL!$A$2:$A$80,0)),"NO EXISTE"))
B4: =IF($A4="","",IFERROR(INDEX(PERSONAL!$B$2:$B$80,MATCH($A4,PERSONAL!$A$2:$A$80,0)),"NO EXISTE"))
B5: =IF($A5="","",IFERROR(INDEX(PERSONAL!$B$2:$B$80,MATCH($A5,PERSONAL!$A$2:$A$80,0)),"NO EXISTE"))
B6: =IF($A6="","",IFERROR(INDEX(PERSONAL!$B$2:$B$80,MATCH($A6,PERSONAL!$A$2:$A$80,0)),"NO EXISTE"))
B7: =IF($A7="","",IFERROR(INDEX(PERSONAL!$B$2:$B$80,MATCH($A7,PERSONAL!$A$2:$A$80,0)),"NO EXISTE"))
B8: =IF($A8="","",IFERROR(INDEX(PERSONAL!$B$2:$B$80,MATCH($A8,PERSONAL!$A$2:$A$80,0)),"NO EXISTE"))
B9: =IF($A9="","",IFERROR(INDEX(PERSONAL!$B$2:$B$80,MATCH($A9,PERSONAL!$A$2:$A$80,0)),"NO EXISTE"))
B10: =IF($A10="","",IFERROR(INDEX(PERSONAL!$B$2:$B$80,MATCH($A10,PERSONAL!$A$2:$A$80,0)),"NO EXISTE"))
B11: =IF($A11="","",IFERROR(INDEX(PERSONAL!$B$2:$B$80,MATCH($A11,PERSONAL!$A$2:$A$80,0)),"NO EXISTE"))
B12: =IF($A12="","",IFERROR(INDEX(PERSONAL!$B$2:$B$80,MATCH($A12,PERSONAL!$A$2:$A$80,0)),"NO EXISTE"))
B13: =IF($A13="","",IFERROR(INDEX(PERSONAL!$B$2:$B$80,MATCH($A13,PERSONAL!$A$2:$A$80,0)),"NO EXISTE"))
... B201: =IF($A201="","",IFERROR(INDEX(PERSONAL!$B$2:$B$80,MATCH($A201,PERSONAL!$A$2:$A$80,0)),"NO EXISTE"))
